antecedents,consequents,antecedent support,consequent support,support,confidence,lift,representativity,leverage,conviction,zhangs_metric,jaccard,certainty,kulczynski,antecedents_text,consequents_text,rule_type
['keyword:monte'],['keyword:monte_carlo'],0.0010250768807660575,0.0015251143835787685,0.0010250768807660575,1.0,655.6885245901639,1.0,0.0010235135212709272,inf,0.9994994493943339,0.6721311475409837,1.0,0.8360655737704918,['keyword:monte'],['keyword:monte_carlo'],keyword_to_keyword
['keyword:monte_carlo'],['keyword:monte'],0.0015251143835787685,0.0010250768807660575,0.0010250768807660575,0.6721311475409836,655.6885245901639,1.0,0.0010235135212709272,3.0468735155136635,1.0,0.6721311475409837,0.6717947118879948,0.8360655737704918,['keyword:monte_carlo'],['keyword:monte'],keyword_to_keyword
['keyword:quantum_discord'],['keyword:discord'],0.001375103132734955,0.0016751256344225817,0.001275095632172413,0.9272727272727272,553.5541383989145,1.0,0.0012727921616647938,13.726967022526685,0.9995680010525065,0.7183098591549296,0.9271506955353687,0.8442333785617367,['keyword:quantum_discord'],['keyword:discord'],keyword_to_keyword
['keyword:discord'],['keyword:quantum_discord'],0.0016751256344225817,0.001375103132734955,0.001275095632172413,0.7611940298507462,553.5541383989145,1.0,0.0012727921616647938,4.1817417556316725,0.999868397145986,0.7183098591549296,0.7608651948310124,0.8442333785617367,['keyword:discord'],['keyword:quantum_discord'],keyword_to_keyword
['keyword:holes'],['keyword:black_holes'],0.001375103132734955,0.0016251218841413105,0.001000075005625422,0.7272727272727274,447.5188811188812,1.0,0.0009978402954314632,3.660707886424817,0.9991393770967903,0.5000000000000001,0.7268287907624782,0.6713286713286715,['keyword:holes'],['keyword:black_holes'],keyword_to_keyword
['keyword:black_holes'],['keyword:holes'],0.0016251218841413105,0.001375103132734955,0.001000075005625422,0.6153846153846155,447.5188811188812,1.0,0.0009978402954314632,2.5964247318548903,0.9993895872984073,0.5000000000000001,0.6148550012903327,0.6713286713286715,['keyword:black_holes'],['keyword:holes'],keyword_to_keyword
['keyword:quantum_mechanics'],['keyword:mechanics'],0.001925144385828937,0.002200165012375928,0.0010750806310473285,0.5584415584415584,253.8180342384888,1.0,0.0010708449957258558,2.259723155707266,0.9979814279722236,0.35245901639344257,0.5574679148309156,0.523538961038961,['keyword:quantum_mechanics'],['keyword:mechanics'],keyword_to_keyword
['keyword:mechanics'],['keyword:quantum_mechanics'],0.002200165012375928,0.001925144385828937,0.0010750806310473285,0.48863636363636365,253.8180342384888,1.0,0.0010708449957258558,1.9517908287566013,0.9982564986507095,0.35245901639344257,0.4876500159409729,0.523538961038961,['keyword:mechanics'],['keyword:quantum_mechanics'],keyword_to_keyword
['keyword:time_series'],['keyword:series'],0.002875215641173088,0.002925219391454359,0.0013250993824536841,0.4608695652173913,157.55042735042736,1.0,0.0013166887459055117,1.8494128995158508,0.9965180300755152,0.29608938547486036,0.45928786359077234,0.4569305091044221,['keyword:time_series'],['keyword:series'],keyword_to_keyword
['keyword:series'],['keyword:time_series'],0.002925219391454359,0.002875215641173088,0.0013250993824536841,0.452991452991453,157.55042735042736,1.0,0.0013166887459055117,1.8228687464059803,0.9965680059045061,0.29608938547486036,0.45141415037608806,0.4569305091044221,['keyword:series'],['keyword:time_series'],keyword_to_keyword
['keyword:gamma_ray'],['keyword:gamma'],0.0024251818886416483,0.004600345025876941,0.0017501312598444884,0.7216494845360825,156.8685567010309,1.0,0.001738974586406229,3.5760654271292567,0.9960408163265306,0.33175355450236965,0.7203630581214601,0.5510421335723891,['keyword:gamma_ray'],['keyword:gamma'],keyword_to_keyword
['keyword:gamma'],['keyword:gamma_ray'],0.004600345025876941,0.0024251818886416483,0.0017501312598444884,0.3804347826086957,156.8685567010309,1.0,0.001738974586406229,1.6101207590569293,0.9982173805397376,0.33175355450236965,0.37892857142857145,0.5510421335723891,['keyword:gamma'],['keyword:gamma_ray'],keyword_to_keyword
['keyword:black_hole'],['keyword:black'],0.002100157511813386,0.0053003975298147364,0.0017001275095632172,0.8095238095238095,152.72888589398022,1.0,0.0016889958398753797,5.222172912968473,0.9955432477403057,0.2982456140350877,0.8085088302004225,0.5651392632524708,['keyword:black_hole'],['keyword:black'],keyword_to_keyword
['keyword:black'],['keyword:black_hole'],0.0053003975298147364,0.002100157511813386,0.0017001275095632172,0.32075471698113206,152.72888589398022,1.0,0.0016889958398753797,1.4691303236631634,0.9987462020122867,0.2982456140350877,0.31932519267141884,0.5651392632524708,['keyword:black'],['keyword:black_hole'],keyword_to_keyword
['keyword:matter'],['keyword:dark_matter'],0.0034002550191264344,0.0042253168987674075,0.002100157511813386,0.6176470588235294,146.17768882701012,1.0,0.0020857903568209523,2.6043337865724547,0.9965475264639861,0.38009049773755654,0.6160246412514991,0.5573442394709363,['keyword:matter'],['keyword:dark_matter'],keyword_to_keyword
['keyword:dark_matter'],['keyword:matter'],0.0042253168987674075,0.0034002550191264344,0.002100157511813386,0.4970414201183432,146.1776888270101,1.0,0.0020857903568209523,1.9814747870796192,0.9973732286929031,0.38009049773755654,0.49532539776908185,0.5573442394709363,['keyword:dark_matter'],['keyword:matter'],keyword_to_keyword
['keyword:black_holes'],['keyword:black'],0.0016251218841413105,0.0053003975298147364,0.0012000900067505062,0.7384615384615385,139.32191582002903,1.0,0.0011914762147301557,3.803263185915415,0.9944384620521552,0.20960698689956328,0.7370678937751955,0.48243831640058055,['keyword:black_holes'],['keyword:black'],keyword_to_keyword
['keyword:black'],['keyword:black_holes'],0.0053003975298147364,0.0016251218841413105,0.0012000900067505062,0.22641509433962262,139.32191582002903,1.0,0.0011914762147301557,1.2905821595156222,0.9981127728205771,0.20960698689956328,0.22515587820048796,0.48243831640058055,['keyword:black'],['keyword:black_holes'],keyword_to_keyword
['keyword:dark_matter'],['keyword:dark'],0.0042253168987674075,0.0053504012800960074,0.0031252343925794435,0.7396449704142012,138.24102748437758,1.0,0.003102627251635467,3.8203586859923586,0.9969788088781761,0.48449612403100784,0.7382444733091221,0.6618785599734558,['keyword:dark_matter'],['keyword:dark'],keyword_to_keyword
['keyword:dark'],['keyword:dark_matter'],0.0053504012800960074,0.0042253168987674075,0.0031252343925794435,0.5841121495327103,138.24102748437758,1.0,0.003102627251635467,2.394334631277121,0.9981065279139331,0.48449612403100784,0.5823474350923926,0.6618785599734558,['keyword:dark'],['keyword:dark_matter'],keyword_to_keyword
['keyword:star'],['keyword:star_formation'],0.00410030752306423,0.0020251518863914795,0.001050078755906693,0.25609756097560976,126.45844625112917,1.0,0.0010417750103915743,1.341539959759277,0.9961768956823308,0.20689655172413793,0.2545879884342485,0.3873080397470641,['keyword:star'],['keyword:star_formation'],keyword_to_keyword
['keyword:star_formation'],['keyword:star'],0.0020251518863914795,0.00410030752306423,0.001050078755906693,0.5185185185185185,126.45844625112916,1.0,0.0010417750103915743,2.0684070536059433,0.994105478648018,0.20689655172413793,0.516536168131579,0.3873080397470641,['keyword:star_formation'],['keyword:star'],keyword_to_keyword
['keyword:matter'],['keyword:dark'],0.0034002550191264344,0.0053504012800960074,0.002100157511813386,0.6176470588235294,115.43938977460142,1.0,0.0020819647830063993,2.6013912581905183,0.9947197463566849,0.31578947368421056,0.6155903127407362,0.5050852116547554,['keyword:matter'],['keyword:dark'],keyword_to_keyword
['keyword:dark'],['keyword:matter'],0.0053504012800960074,0.0034002550191264344,0.002100157511813386,0.3925233644859813,115.43938977460142,1.0,0.0020819647830063993,1.6405565032762073,0.9966700301516681,0.31578947368421056,0.3904507415605678,0.5050852116547554,['keyword:dark'],['keyword:matter'],keyword_to_keyword
['keyword:single_photon'],['keyword:photon'],0.001600120009000675,0.006875515663674775,0.001000075005625422,0.6250000000000001,90.90227272727275,1.0,0.0009890733554397783,2.6483319582302016,0.9905842285828762,0.13377926421404684,0.6224038316298274,0.3852272727272728,['keyword:single_photon'],['keyword:photon'],keyword_to_keyword
['keyword:photon'],['keyword:single_photon'],0.006875515663674775,0.001600120009000675,0.001000075005625422,0.14545454545454548,90.90227272727275,1.0,0.0009890733554397783,1.1683402850958504,0.9958461306077235,0.13377926421404684,0.14408497870296386,0.3852272727272728,['keyword:photon'],['keyword:single_photon'],keyword_to_keyword
['keyword:magnetic_field'],['keyword:magnetic'],0.0025751931394854613,0.009975748181113584,0.0017501312598444884,0.6796116504854369,68.12638392096747,1.0,0.00172444178156725,3.09007569507107,0.9878653431593724,0.16203703703703703,0.676383332099248,0.4275251234883325,['keyword:magnetic_field'],['keyword:magnetic'],keyword_to_keyword
['keyword:magnetic'],['keyword:magnetic_field'],0.009975748181113584,0.0025751931394854613,0.0017501312598444884,0.17543859649122806,68.12638392096747,1.0,0.00172444178156725,1.2096428508733899,0.9952497600888934,0.16203703703703703,0.17330970932620568,0.4275251234883325,['keyword:magnetic'],['keyword:magnetic_field'],keyword_to_keyword
['keyword:ray'],['keyword:gamma_ray'],0.007725579418456384,0.0024251818886416483,0.001275095632172413,0.1650485436893204,68.05615053548193,1.0,0.0012563596968875098,1.194769840296162,0.9929775780499662,0.1436619718309859,0.16301871182811398,0.3454108697828045,['keyword:ray'],['keyword:gamma_ray'],keyword_to_keyword
['keyword:gamma_ray'],['keyword:ray'],0.0024251818886416483,0.007725579418456384,0.001275095632172413,0.5257731958762886,68.05615053548192,1.0,0.0012563596968875098,2.092404756443689,0.9877016069585729,0.1436619718309859,0.5220809946448275,0.3454108697828045,['keyword:gamma_ray'],['keyword:ray'],keyword_to_keyword
['keyword:networks'],['keyword:network'],0.006700502537690327,0.008050603795284647,0.001225091881891142,0.1828358208955224,22.710820895522385,1.0,0.0011711487907308978,1.2138924117938983,0.9624168024077411,0.09057301293900184,0.17620376378974692,0.16750486696950032,['keyword:networks'],['keyword:network'],keyword_to_keyword
['keyword:network'],['keyword:networks'],0.008050603795284647,0.006700502537690327,0.001225091881891142,0.15217391304347824,22.710820895522385,1.0,0.0011711487907308978,1.1715840226478524,0.9637267080745341,0.09057301293900184,0.14645473080117793,0.16750486696950032,['keyword:network'],['keyword:networks'],keyword_to_keyword
['keyword:tevatron'],['cluster:0'],0.0014751106332974973,0.09963247243543266,0.0014751106332974973,1.0,10.036888331242158,1.0,0.0013281417137862707,inf,0.9016976313285592,0.01480552070263488,1.0,0.5074027603513175,['keyword:tevatron'],['cluster:0'],keyword_to_topic
['keyword:quarks'],['cluster:0'],0.0014501087581568618,0.09963247243543266,0.0014501087581568618,1.0,10.036888331242158,1.0,0.0013056308372814188,inf,0.9016750544580485,0.014554579673776663,1.0,0.5072772898368884,['keyword:quarks'],['cluster:0'],keyword_to_topic
['keyword:nucleon'],['cluster:0'],0.001375103132734955,0.09963247243543266,0.001375103132734955,1.0,10.036888331242158,1.0,0.0012380982077668625,inf,0.9016073306294126,0.013801756587202008,1.0,0.506900878293601,['keyword:nucleon'],['cluster:0'],keyword_to_topic
['keyword:hadron'],['cluster:0'],0.0013000975073130484,0.09963247243543266,0.0013000975073130484,1.0,10.036888331242158,1.0,0.0011705655782523064,inf,0.9015396169733384,0.01304893350062735,1.0,0.5065244667503137,['keyword:hadron'],['cluster:0'],keyword_to_topic
['keyword:standard_model'],['cluster:0'],0.0013000975073130484,0.09963247243543266,0.0013000975073130484,1.0,10.036888331242158,1.0,0.0011705655782523064,inf,0.9015396169733384,0.01304893350062735,1.0,0.5065244667503137,['keyword:standard_model'],['cluster:0'],keyword_to_topic
['keyword:lepton'],['cluster:0'],0.0012500937570317774,0.09963247243543266,0.0012500937570317774,1.0,10.036888331242158,1.0,0.0011255438252426025,inf,0.9014944801862469,0.012547051442910916,1.0,0.5062735257214555,['keyword:lepton'],['cluster:0'],keyword_to_topic
['keyword:electroweak'],['cluster:0'],0.0012000900067505062,0.09963247243543266,0.0012000900067505062,1.0,10.036888331242158,1.0,0.0010805220722328983,inf,0.9014493479185962,0.012045169385194478,1.0,0.5060225846925972,['keyword:electroweak'],['cluster:0'],keyword_to_topic
['keyword:mesons'],['cluster:0'],0.0010250768807660575,0.09963247243543266,0.0010250768807660575,1.0,10.036888331242158,1.0,0.000922945936698934,inf,0.9012914205626189,0.010288582183186951,1.0,0.5051442910915934,['keyword:mesons'],['cluster:0'],keyword_to_topic
['keyword:decays'],['cluster:0'],0.003150236267720079,0.09963247243543266,0.0031252343925794435,0.9920634920634921,9.957230487343411,1.0,0.0028113685644707226,113.44630847313589,0.9024132828371498,0.03135975915704967,0.9911852574714954,0.5117155603353847,['keyword:decays'],['cluster:0'],keyword_to_topic
['keyword:flavor'],['cluster:0'],0.001925144385828937,0.09963247243543266,0.0019001425106883016,0.987012987012987,9.906539132135116,1.0,0.001708335615732972,69.32829962247166,0.9007907261892205,0.0190667335674862,0.9855758758624471,0.5030422526031058,['keyword:flavor'],['cluster:0'],keyword_to_topic
['keyword:quark'],['cluster:0'],0.005100382528689652,0.09963247243543266,0.005025376903267745,0.9852941176470589,9.889287032253304,1.0,0.004517213181567911,61.224991874390795,0.9034886132751916,0.0504012036108325,0.9836668006089474,0.5178666322237804,['keyword:quark'],['cluster:0'],keyword_to_topic
['cluster:0'],['keyword:quark'],0.09963247243543266,0.005100382528689652,0.005025376903267745,0.05043914680050188,9.889287032253302,1.0,0.004517213181567911,1.0477470865811764,0.9983483946478869,0.0504012036108325,0.04557119479756926,0.5178666322237804,['cluster:0'],['keyword:quark'],topic_to_keyword
['keyword:meson'],['cluster:0'],0.0016251218841413105,0.09963247243543266,0.001600120009000675,0.9846153846153847,9.882474664607663,1.0,0.0014382050976747475,58.52388929169708,0.9002738248772914,0.016056196688409432,0.9829129606370527,0.5003378052311553,['keyword:meson'],['cluster:0'],keyword_to_topic
['keyword:cdf'],['cluster:0'],0.0013250993824536841,0.09963247243543266,0.0013000975073130484,0.981132075471698,9.847513079709286,1.0,0.0011680745796165228,47.7194789609218,0.8996436357053722,0.013045659809332663,0.9790441970077061,0.49709050448616265,['keyword:cdf'],['cluster:0'],keyword_to_topic
['keyword:flavour'],['cluster:0'],0.001275095632172413,0.09963247243543266,0.0012500937570317774,0.9803921568627452,9.840086599257019,1.0,0.0011230528266068188,45.91874390579309,0.8995218545035798,0.012543903662819869,0.9782224008119299,0.49646960415282804,['keyword:flavour'],['cluster:0'],keyword_to_topic
['keyword:higgs_boson'],['cluster:0'],0.0011750881316098707,0.09963247243543266,0.0011500862564692352,0.9787234042553192,9.823337515683814,1.0,0.0010330093205874107,42.317273795534824,0.8992583120204602,0.011540391369794279,0.9763689881150729,0.4951333457913986,['keyword:higgs_boson'],['cluster:0'],keyword_to_topic
['keyword:hera'],['cluster:0'],0.001100082506187964,0.09963247243543266,0.0010750806310473285,0.9772727272727273,9.808777232804836,1.0,0.0009654766910728545,39.616171212840996,0.899039510960262,0.010787757150025086,0.9747577827592823,0.4940315957568153,['keyword:hera'],['cluster:0'],keyword_to_topic
['keyword:higgs'],['cluster:0'],0.005275395654674101,0.09963247243543266,0.005150386278970923,0.9763033175355449,9.799047375525518,1.0,0.004624785566820604,37.995509663224524,0.9027114235919449,0.05162907268170426,0.9736811005073084,0.5139985847401689,['keyword:higgs'],['cluster:0'],keyword_to_topic
['cluster:0'],['keyword:higgs'],0.09963247243543266,0.005275395654674101,0.005150386278970923,0.05169385194479297,9.799047375525518,1.0,0.004624785566820604,1.0489488087631975,0.9973141369273888,0.05162907268170426,0.0466646306800353,0.5139985847401689,['cluster:0'],['keyword:higgs'],topic_to_keyword
['keyword:asymmetries'],['cluster:0'],0.001050078755906693,0.09963247243543266,0.0010250768807660575,0.9761904761904763,9.797914799545916,1.0,0.0009204549380631505,37.81543615771196,0.8988813634851404,0.010286001003512292,0.9735557724144863,0.4932395291868316,['keyword:asymmetries'],['cluster:0'],keyword_to_topic
['keyword:pion'],['cluster:0'],0.001775133134985124,0.09963247243543266,0.0017251293847038527,0.9718309859154929,9.754159082474771,1.0,0.0015482684815632242,31.963047228542056,0.8990756087167056,0.01730624529721595,0.9687138715889696,0.49457295845335497,['keyword:pion'],['cluster:0'],keyword_to_topic
['keyword:gluon'],['cluster:0'],0.0017501312598444884,0.09963247243543266,0.0017001275095632172,0.9714285714285714,9.750120093206668,1.0,0.001525757605058372,31.512863464759846,0.8990105471897978,0.017055430147980936,0.9682669268973835,0.4942462806954651,['keyword:gluon'],['cluster:0'],keyword_to_topic
['keyword:parton'],['cluster:0'],0.001375103132734955,0.09963247243543266,0.0013250993824536841,0.9636363636363637,9.671910573742444,1.0,0.0011880944574855915,24.760107008025667,0.8978424375722154,0.013293202909455733,0.9596124524148518,0.48846811908292465,['keyword:parton'],['cluster:0'],keyword_to_topic
['keyword:baryon'],['cluster:0'],0.0012000900067505062,0.09963247243543266,0.0011500862564692352,0.9583333333333334,9.618684650773735,1.0,0.0010305183219516273,21.608820661549633,0.8971122964388292,0.011537496864810634,0.953722601725351,0.4849383103304057,['keyword:baryon'],['cluster:0'],keyword_to_topic
['keyword:qcd'],['cluster:0'],0.0028502137660324526,0.09963247243543266,0.002700202515188639,0.9473684210526315,9.508631050650465,1.0,0.00241622867070932,17.106983023726762,0.8973901439488281,0.027060886995740416,0.9415443390214958,0.4872350260846596,['keyword:qcd'],['cluster:0'],keyword_to_topic
['keyword:lhc'],['cluster:0'],0.003150236267720079,0.09963247243543266,0.00297522314173563,0.9444444444444444,9.479283423950926,1.0,0.002661357313626909,16.206615496162204,0.8973336067641674,0.029809619238476952,0.9382968023004677,0.4871532134392862,['keyword:lhc'],['cluster:0'],keyword_to_topic
['keyword:production'],['cluster:0'],0.0034752606445483413,0.09963247243543266,0.00320024001800135,0.9208633093525179,9.242602204309325,1.0,0.0028539912076274436,11.377371484679523,0.8949154263259572,0.032032032032032025,0.9121062363704505,0.4764918805231849,['keyword:production'],['cluster:0'],keyword_to_topic
['keyword:form_factors'],['cluster:0'],0.0011250843813285997,0.09963247243543266,0.0010250768807660575,0.9111111111111111,9.144720479576188,1.0,0.0009129819421558,10.12913468510138,0.8916504683669184,0.010278265229380797,0.9012748836807485,0.460699846647149,['keyword:form_factors'],['cluster:0'],keyword_to_topic
['keyword:searches'],['cluster:0'],0.0011750881316098707,0.09963247243543266,0.001050078755906693,0.8936170212765958,8.96913425345044,1.0,0.0009330018200248685,8.463454759106938,0.8895518207282912,0.010526315789473684,0.881844940575364,0.4520782722443205,['keyword:searches'],['cluster:0'],keyword_to_topic
['keyword:cross_section'],['cluster:0'],0.001375103132734955,0.09963247243543266,0.001225091881891142,0.890909090909091,8.941955058743014,1.0,0.0010880869569230493,8.253369002675205,0.8893906368315689,0.01227762465547482,0.878837357244555,0.4516026006615718,['keyword:cross_section'],['cluster:0'],keyword_to_topic
['keyword:susy'],['cluster:0'],0.0014251068830162263,0.09963247243543266,0.0012500937570317774,0.8771929824561403,8.80428800986154,1.0,0.0011081068347921178,7.331564153025759,0.8876840260390584,0.012525050100200401,0.8636034577168235,0.4448700169495256,['keyword:susy'],['cluster:0'],keyword_to_topic
['keyword:cms'],['cluster:0'],0.0013501012575943196,0.09963247243543266,0.0011750881316098707,0.8703703703703703,8.735810214229286,1.0,0.0010405742052775617,6.945692355498089,0.8867258183336787,0.011773547094188376,0.8560258720344248,0.4410822993633533,['keyword:cms'],['cluster:0'],keyword_to_topic
['keyword:atlas'],['cluster:0'],0.0019001425106883016,0.09963247243543266,0.0015751181338600395,0.8289473684210527,8.320052169319156,1.0,0.0013858022375404936,5.2636870842236245,0.8814833900127355,0.015757878939469734,0.8100191018198613,0.4223783266195602,['keyword:atlas'],['cluster:0'],keyword_to_topic
['keyword:heavy'],['cluster:0'],0.0018501387604070306,0.09963247243543266,0.0014751106332974973,0.7972972972972973,8.002383939774152,1.0,0.0012907767342495184,4.441813135985198,0.8766591790892384,0.01475,0.7748667110963013,0.40605140899996606,['keyword:heavy'],['cluster:0'],keyword_to_topic
['keyword:proton'],['cluster:0'],0.0029502212665949946,0.09963247243543266,0.0023501762632197414,0.7966101694915254,7.9954873147183285,1.0,0.0020562384241972886,4.426807010525789,0.8775183227134422,0.023447243701671238,0.7741035474051023,0.41009931310209896,['keyword:proton'],['cluster:0'],keyword_to_topic
['keyword:gev'],['cluster:0'],0.0019001425106883016,0.09963247243543266,0.0014751106332974973,0.7763157894736842,7.791794888727464,1.0,0.0012857947369779514,4.025172476171006,0.8733192971372699,0.01474262868565717,0.7515634408413571,0.3955606550881595,['keyword:gev'],['cluster:0'],keyword_to_topic
['keyword:neutrinos'],['cluster:0'],0.0015001125084381328,0.09963247243543266,0.0011250843813285997,0.7500000000000001,7.527666248431619,1.0,0.0009756244631815897,3.601470110258271,0.86845949036399,0.01125,0.722335610352105,0.38064617314931,['keyword:neutrinos'],['cluster:0'],keyword_to_topic
['keyword:violation'],['cluster:0'],0.0017001275095632172,0.09963247243543266,0.001275095632172413,0.75,7.527666248431618,1.0,0.0011057077249391348,3.601470110258269,0.8686334911133928,0.012743628185907045,0.7223356103521048,0.3813989962358846,['keyword:violation'],['cluster:0'],keyword_to_topic
['keyword:neutrino'],['cluster:0'],0.005925444408330625,0.09963247243543266,0.004300322524189314,0.7257383966244726,7.284155244614562,1.0,0.0037099558475086245,3.2828785235815765,0.8678581664405034,0.04246913580246913,0.6953892771795244,0.38445012679404306,['keyword:neutrino'],['cluster:0'],keyword_to_topic
['keyword:collisions'],['cluster:0'],0.0020751556366727505,0.09963247243543266,0.0015001125084381328,0.7228915662650602,7.25558192619915,1.0,0.0012933596216681022,3.2491523820808297,0.8639679477543385,0.014970059880239521,0.6922274235228151,0.3689740139982767,['keyword:collisions'],['cluster:0'],keyword_to_topic
['keyword:masses'],['cluster:0'],0.0014251068830162263,0.09963247243543266,0.0010250768807660575,0.7192982456140351,7.219516168086464,1.0,0.000883089958526398,3.207559316948771,0.8627160252573984,0.010247438140464884,0.6882364747813107,0.36479341389861103,['keyword:masses'],['cluster:0'],keyword_to_topic
['keyword:asymmetry'],['cluster:0'],0.0018751406355476661,0.09963247243543266,0.0013250993824536841,0.7066666666666667,7.092734420744458,1.0,0.0011382744847699216,3.069434753061025,0.8606244440810523,0.013226853007237336,0.6742071161464698,0.3599832705980761,['keyword:asymmetry'],['cluster:0'],keyword_to_topic
['keyword:boson'],['cluster:0'],0.001925144385828937,0.09963247243543266,0.0013501012575943196,0.7012987012987013,7.038856751780215,1.0,0.00115829436263899,3.0142738966292035,0.8595863022340978,0.013473053892215568,0.6682451448362812,0.35742475842852256,['keyword:boson'],['cluster:0'],keyword_to_topic
['keyword:muon'],['cluster:0'],0.0015001125084381328,0.09963247243543266,0.001050078755906693,0.7000000000000001,7.025821831869511,1.0,0.000900618837759683,3.0012250918818917,0.85895642780236,0.010492130901823632,0.666802732422526,0.35526976160602264,['keyword:muon'],['cluster:0'],keyword_to_topic
['keyword:corrections'],['cluster:0'],0.002100157511813386,0.09963247243543266,0.0014501087581568618,0.6904761904761905,6.930232419191014,1.0,0.0012408648727510478,2.908879704439371,0.85750559190377,0.014460234355522314,0.6562250413883203,0.3525153850749836,['keyword:corrections'],['cluster:0'],keyword_to_topic
['keyword:tau'],['cluster:0'],0.0017501312598444884,0.09963247243543266,0.0012000900067505062,0.6857142857142856,6.882437712851764,1.0,0.001025720102245661,2.864805769523622,0.8562011086900259,0.011979036685799848,0.6509361958712175,0.34887972754974006,['keyword:tau'],['cluster:0'],keyword_to_topic
['keyword:supersymmetric'],['cluster:0'],0.0018001350101257594,0.09963247243543266,0.001225091881891142,0.6805555555555556,6.830660114317579,1.0,0.0010457399801147298,2.818541825419515,0.8551406335859327,0.01222554890219561,0.6452066132276896,0.3464258329848041,['keyword:supersymmetric'],['cluster:0'],keyword_to_topic
['keyword:dark_matter'],['cluster:0'],0.0042253168987674075,0.09963247243543266,0.002875215641173088,0.6804733727810651,6.829835254987267,1.0,0.0024542368717256767,2.817816891822442,0.8572055490784285,0.02847239415696955,0.6451153363080158,0.3546657955498801,['keyword:dark_matter'],['cluster:0'],keyword_to_topic
['keyword:chiral'],['cluster:0'],0.003100232517438808,0.09963247243543266,0.002100157511813386,0.6774193548387096,6.799182417938235,1.0,0.001791273680976232,2.791139335450158,0.8555759775382076,0.020869565217391303,0.6417233681962644,0.34924920063139997,['keyword:chiral'],['cluster:0'],keyword_to_topic
['keyword:physics'],['cluster:0'],0.0026251968897667323,0.09963247243543266,0.0017251293847038527,0.6571428571428571,6.595669474816275,1.0,0.0014635745279465851,2.6260719553966547,0.8506184088342873,0.01715991047003233,0.619203122768601,0.3372288940670371,['keyword:physics'],['cluster:0'],keyword_to_topic
['keyword:tev'],['cluster:0'],0.0017501312598444884,0.09963247243543266,0.0011500862564692352,0.6571428571428571,6.595669474816275,1.0,0.0009757163519643902,2.6260719553966547,0.8498727569117989,0.01147418308805188,0.619203122768601,0.33434307223516757,['keyword:tev'],['cluster:0'],keyword_to_topic
['keyword:matter'],['cluster:0'],0.0034002550191264344,0.09963247243543266,0.002225166887516564,0.6544117647058825,6.56825780500406,1.0,0.001886391073050008,2.605318803165557,0.8506450364454682,0.022073412698412696,0.6161698143102627,0.33837275813713197,['keyword:matter'],['cluster:0'],keyword_to_topic
['keyword:supersymmetry'],['cluster:0'],0.0015751181338600395,0.09963247243543266,0.001000075005625422,0.634920634920635,6.3726275118997835,1.0,0.0008431420915710615,2.466224097242076,0.8444088996844793,0.009980039920159682,0.5945218436887882,0.32247913803748185,['keyword:supersymmetry'],['cluster:0'],keyword_to_topic
['keyword:accretion'],['cluster:2'],0.0024001800135010124,0.15988699152436434,0.0024001800135010124,1.0,6.254417513682564,1.0,0.0020164224520254274,inf,0.8421342823488133,0.015011727912431586,1.0,0.5075058639562158,['keyword:accretion'],['cluster:2'],keyword_to_topic
['keyword:agn'],['cluster:2'],0.002100157511813386,0.15988699152436434,0.002100157511813386,1.0,6.254417513682564,1.0,0.001764369645522249,inf,0.8418810913737378,0.013135261923377639,1.0,0.5065676309616888,['keyword:agn'],['cluster:2'],keyword_to_topic
['keyword:ngc'],['cluster:2'],0.002050153761532115,0.15988699152436434,0.002050153761532115,1.0,6.254417513682564,1.0,0.001722360844438386,inf,0.8418389076788175,0.012822517591868648,1.0,0.5064112587959343,['keyword:ngc'],['cluster:2'],keyword_to_topic
['keyword:star_formation'],['cluster:2'],0.0020251518863914795,0.15988699152436434,0.0020251518863914795,1.0,6.254417513682564,1.0,0.0017013564438964545,inf,0.8418178174165748,0.012666145426114153,1.0,0.506333072713057,['keyword:star_formation'],['cluster:2'],keyword_to_topic
['keyword:metallicity'],['cluster:2'],0.0016251218841413105,0.15988699152436434,0.0016251218841413105,1.0,6.254417513682564,1.0,0.0013652860352255498,inf,0.8414805168786939,0.01016419077404222,1.0,0.5050820953870211,['keyword:metallicity'],['cluster:2'],keyword_to_topic
['keyword:galactic'],['cluster:2'],0.0015751181338600395,0.15988699152436434,0.0015751181338600395,1.0,6.254417513682564,1.0,0.0013232772341416868,inf,0.8414383733159714,0.009851446442533229,1.0,0.5049257232212666,['keyword:galactic'],['cluster:2'],keyword_to_topic
['keyword:dwarf'],['cluster:2'],0.0014001050078755906,0.15988699152436434,0.0014001050078755906,1.0,6.254417513682564,1.0,0.001176246430348166,inf,0.8412909040835232,0.008756841282251758,1.0,0.5043784206411259,['keyword:dwarf'],['cluster:2'],keyword_to_topic
['keyword:pulsar'],['cluster:2'],0.0011500862564692352,0.15988699152436434,0.0011500862564692352,1.0,6.254417513682564,1.0,0.0009662024249288507,inf,0.8410803233961603,0.0071931196247068015,1.0,0.5035965598123534,['keyword:pulsar'],['cluster:2'],keyword_to_topic
['keyword:corot'],['cluster:2'],0.001050078755906693,0.15988699152436434,0.001050078755906693,1.0,6.254417513682564,1.0,0.0008821848227611245,inf,0.840996120635715,0.006567630961688819,1.0,0.5032838154808444,['keyword:corot'],['cluster:2'],keyword_to_topic
['keyword:globular'],['cluster:2'],0.0010250768807660575,0.15988699152436434,0.0010250768807660575,1.0,6.254417513682564,1.0,0.000861180422219193,inf,0.8409750725798378,0.006411258795934324,1.0,0.5032056293979672,['keyword:globular'],['cluster:2'],keyword_to_topic
['keyword:veritas'],['cluster:2'],0.0010250768807660575,0.15988699152436434,0.0010250768807660575,1.0,6.254417513682564,1.0,0.000861180422219193,inf,0.8409750725798378,0.006411258795934324,1.0,0.5032056293979672,['keyword:veritas'],['cluster:2'],keyword_to_topic
['keyword:galaxies'],['cluster:2'],0.008575643173237993,0.15988699152436434,0.008525639422956722,0.9941690962099126,6.217948606897243,1.0,0.0071545056356012455,144.07938095357213,0.8464339705608942,0.05330623729873377,0.9930593816173999,0.5237460023660978,['keyword:galaxies'],['cluster:2'],keyword_to_topic
['cluster:2'],['keyword:galaxies'],0.15988699152436434,0.008575643173237993,0.008525639422956722,0.05332290852228303,6.217948606897243,1.0,0.0071545056356012455,1.0472677175267828,0.998883776817502,0.05330623729873377,0.04513432118237137,0.5237460023660978,['cluster:2'],['keyword:galaxies'],topic_to_keyword
['keyword:stars'],['cluster:2'],0.0064004800360027,0.15988699152436434,0.006350476285721429,0.9921875,6.205554876856919,1.0,0.005327122788453202,107.53446508488136,0.8442577104071699,0.03970611224011256,0.9907006558389382,0.5159530150508209,['keyword:stars'],['cluster:2'],keyword_to_topic
['keyword:stellar'],['cluster:2'],0.0029502212665949946,0.15988699152436434,0.002925219391454359,0.9915254237288136,6.201413975431017,1.0,0.002453517388807286,99.13333500012527,0.8412282625026174,0.018292682926829267,0.9899125758252889,0.5049104835610448,['keyword:stellar'],['cluster:2'],keyword_to_topic
['keyword:halo'],['cluster:2'],0.0024001800135010124,0.15988699152436434,0.002375178138360377,0.9895833333333334,6.189267331248371,1.0,0.001991420576884792,80.65084881366131,0.840447212113138,0.014853033145716073,0.9876008744519176,0.5022193445400053,['keyword:halo'],['cluster:2'],keyword_to_topic
['keyword:planets'],['cluster:2'],0.0018001350101257594,0.15988699152436434,0.001775133134985124,0.9861111111111112,6.167550603770307,1.0,0.0014873149638784352,60.48813661024598,0.8393720620529691,0.011100687929956221,0.9834678326025568,0.49860676743984017,['keyword:planets'],['cluster:2'],keyword_to_topic
['keyword:galaxy'],['cluster:2'],0.0035752681451108833,0.15988699152436434,0.0035252643948296123,0.986013986013986,6.166943142861829,1.0,0.002953625527214939,60.068080106008075,0.8408513770297045,0.02204158199155854,0.9833522230403369,0.504031230692685,['keyword:galaxy'],['cluster:2'],keyword_to_topic
['keyword:telescope'],['cluster:2'],0.0011750881316098707,0.15988699152436434,0.0011500862564692352,0.9787234042553192,6.121344800625489,1.0,0.0009622049503301467,39.48531139835502,0.837621483375959,0.007191994996873044,0.974674126540087,0.492958261940013,['keyword:telescope'],['cluster:2'],keyword_to_topic
['keyword:radio'],['cluster:2'],0.004050303772782959,0.15988699152436434,0.003950296272220416,0.9753086419753085,6.099987451616327,1.0,0.0033027053872303662,34.02457684326309,0.8394653261157973,0.024691358024691353,0.970609480182323,0.5000077220822594,['keyword:radio'],['cluster:2'],keyword_to_topic
['keyword:dust'],['cluster:2'],0.0027252043903292747,0.15988699152436434,0.0026501987649073682,0.9724770642201835,6.08227758211332,1.0,0.002214474033648631,30.52410597461482,0.8378712754202332,0.01656767739918725,0.9672390077261676,0.49452625689508006,['keyword:dust'],['cluster:2'],keyword_to_topic
['keyword:charged'],['cluster:0'],0.0019001425106883016,0.09963247243543266,0.0011500862564692352,0.6052631578947368,6.074958726804463,1.0,0.0009607703601496892,2.280931069830237,0.8369802098274527,0.01145703611457036,0.5615825426612183,0.3084032226111074,['keyword:charged'],['cluster:0'],keyword_to_topic
['keyword:planet'],['cluster:2'],0.0019501462609695728,0.15988699152436434,0.0018751406355476661,0.9615384615384615,6.013862993925542,1.0,0.0015633376168487532,21.842938220366477,0.8353465768180566,0.01172241325414192,0.9542186133609262,0.48663318698502434,['keyword:planet'],['cluster:2'],keyword_to_topic
['keyword:lensing'],['cluster:2'],0.001275095632172413,0.15988699152436434,0.001225091881891142,0.9607843137254902,6.009146238636189,1.0,0.0010212206773572373,21.422881716128725,0.8346512690090806,0.007659840550257935,0.9533209391131013,0.48422327492373024,['keyword:lensing'],['cluster:2'],keyword_to_topic
['keyword:grb'],['cluster:2'],0.0012500937570317774,0.15988699152436434,0.0012000900067505062,0.96,6.004240813135262,1.0,0.0010002162768153057,21.002825211890872,0.8344942465433366,0.007503517273722056,0.9523873578953633,0.48375293197810787,['keyword:grb'],['cluster:2'],keyword_to_topic
['keyword:gamma_ray'],['cluster:2'],0.0024251818886416483,0.15988699152436434,0.002325174388079106,0.9587628865979381,5.996503389406994,1.0,0.001937419352004817,20.372740455534128,0.8352618104400787,0.014533520862634786,0.9509148019539828,0.4866527490065531,['keyword:gamma_ray'],['cluster:2'],keyword_to_topic
['keyword:mixing'],['cluster:0'],0.002100157511813386,0.09963247243543266,0.0012500937570317774,0.5952380952380952,5.974338292406046,1.0,0.0010408498716259634,2.224437421041872,0.8343697542154185,0.01244090569793481,0.550448131046265,0.30389257334050307,['keyword:mixing'],['cluster:0'],keyword_to_topic
['keyword:redshift'],['cluster:2'],0.0021751631372352925,0.15988699152436434,0.0020751556366727505,0.9540229885057472,5.966858087766124,1.0,0.0017273753465855016,18.2724579343451,0.8342221806293076,0.012970776683856851,0.9452728251670844,0.4835009391316852,['keyword:redshift'],['cluster:2'],keyword_to_topic
['keyword:kev'],['cluster:2'],0.0015751181338600395,0.15988699152436434,0.0015001125084381328,0.9523809523809523,5.956588108269108,1.0,0.0012482716087197801,17.64237317798833,0.8334314118295187,0.009377930603313534,0.9433182832087659,0.48088164116311105,['keyword:kev'],['cluster:2'],keyword_to_topic
['keyword:disc'],['cluster:2'],0.0024751856389229193,0.15988699152436434,0.0023501762632197414,0.9494949494949494,5.9385378412743535,1.0,0.0019544262779480443,16.63423756781755,0.8336718739167858,0.014687499999999997,0.9398830276456607,0.482096966537936,['keyword:disc'],['cluster:2'],keyword_to_topic
['keyword:abundances'],['cluster:2'],0.001100082506187964,0.15988699152436434,0.0010250768807660575,0.931818181818182,5.8279799559314815,1.0,0.000849187998423081,12.321657457642686,0.8293262876562888,0.006408252578930916,0.9188420873216423,0.46911472030705814,['keyword:abundances'],['cluster:2'],keyword_to_topic
['keyword:ray'],['cluster:2'],0.007725579418456384,0.15988699152436434,0.007175538165362402,0.9288025889967638,5.8091191793750685,1.0,0.005940318514362863,11.799769073589621,0.8343023317064743,0.04472494935328034,0.9152525787781549,0.48684070028415205,['keyword:ray'],['cluster:2'],keyword_to_topic
['keyword:star'],['cluster:2'],0.00410030752306423,0.15988699152436434,0.003800285021376603,0.9268292682926829,5.796777207803352,1.0,0.003144699187189145,11.48154444916701,0.8308972856412362,0.023724051818323707,0.912903703467128,0.47529891874368313,['keyword:star'],['cluster:2'],keyword_to_topic
['keyword:convection'],['cluster:2'],0.0013250993824536841,0.15988699152436434,0.001225091881891142,0.9245283018867925,5.782386003215955,1.0,0.0010132257281598293,11.131497362302175,0.828158401353732,0.0076574464760118775,0.9101648262176667,0.46609526900438136,['keyword:convection'],['cluster:2'],keyword_to_topic
['keyword:solar'],['cluster:2'],0.003100232517438808,0.15988699152436434,0.0028502137660324526,0.9193548387096775,5.750029004514616,1.0,0.0023545269157931553,10.417401305097892,0.8286568627321571,0.017798594847775177,0.9040067699503295,0.468590632802845,['keyword:solar'],['cluster:2'],keyword_to_topic
['keyword:disk'],['cluster:2'],0.003975298147361052,0.15988699152436434,0.00365027377053279,0.9182389937106918,5.743050044010405,1.0,0.003014675309338852,10.275228334432777,0.8291727042467197,0.022784019975031208,0.9026785617358056,0.4705346649554241,['keyword:disk'],['cluster:2'],keyword_to_topic
['keyword:disks'],['cluster:2'],0.001600120009000675,0.15988699152436434,0.0014501087581568618,0.90625,5.668065871774823,1.0,0.001194270383839805,8.961205423740113,0.824892902508253,0.009061084205592875,0.8884078700672579,0.45765979280688035,['keyword:disks'],['cluster:2'],keyword_to_topic
['keyword:decay'],['cluster:0'],0.0029502212665949946,0.09963247243543266,0.0016251218841413105,0.5508474576271186,5.528794419752035,1.0,0.0013311840451188574,2.0045918538229985,0.8215525040169589,0.016097077761267953,0.5011453338529341,0.2835793122514514,['keyword:decay'],['cluster:0'],keyword_to_topic
['keyword:luminosity'],['cluster:2'],0.0017501312598444884,0.15988699152436434,0.0015251143835787685,0.8714285714285714,5.450278119066234,1.0,0.0012452911616694876,6.534212288143833,0.8179546524866897,0.009525296689569019,0.846959364663668,0.44048363676979785,['keyword:luminosity'],['cluster:2'],keyword_to_topic
['keyword:turbulent'],['cluster:2'],0.0017251293847038527,0.15988699152436434,0.0015001125084381328,0.8695652173913043,5.43862392494136,1.0,0.0012242867611275562,6.440866398313205,0.8175403225806452,0.009369144284821985,0.8447413844414022,0.43947377366828705,['keyword:turbulent'],['cluster:2'],keyword_to_topic
['keyword:cohomology'],['cluster:3'],0.001550116258719404,0.18461384603845288,0.001550116258719404,1.0,5.416711809317444,1.0,0.0012639433343904773,inf,0.8166520595968448,0.00839653304442037,1.0,0.5041982665222102,['keyword:cohomology'],['cluster:3'],keyword_to_topic
['keyword:varieties'],['cluster:3'],0.0014501087581568618,0.18461384603845288,0.0014501087581568618,1.0,5.416711809317444,1.0,0.0011823986031394788,inf,0.8165702696612334,0.007854821235102926,1.0,0.5039274106175514,['keyword:varieties'],['cluster:3'],keyword_to_topic
['keyword:lie'],['cluster:3'],0.0024251818886416483,0.18461384603845288,0.0024001800135010124,0.9896907216494844,5.3608694195306645,1.0,0.0019524578576960788,79.09245693426865,0.8154406850459481,0.012999322951929586,0.9873565692764978,0.5013459025365515,['keyword:lie'],['cluster:3'],keyword_to_topic
['keyword:category'],['cluster:3'],0.0021251593869540215,0.18461384603845288,0.002100157511813386,0.9882352941176471,5.352985788031356,1.0,0.0017078236639430835,69.30782308673176,0.8149202054042705,0.01137440758293839,0.9855716143508273,0.4998056210566567,['keyword:category'],['cluster:3'],keyword_to_topic
['keyword:algebras'],['cluster:3'],0.0037752831462359677,0.18461384603845288,0.0037252793959546967,0.9867549668874173,5.344967282041716,1.0,0.003028309854443924,61.56165462409701,0.8159887041620306,0.020173300839425944,0.9837561221168254,0.503466865892246,['keyword:algebras'],['cluster:3'],keyword_to_topic
['keyword:jet'],['cluster:0'],0.0034752606445483413,0.09963247243543266,0.0018501387604070306,0.5323741007194245,5.343379399366329,1.0,0.001503889950033124,1.9254013281765363,0.8156872437694356,0.018271604938271607,0.48062776037084365,0.2754718684274663,['keyword:jet'],['cluster:0'],keyword_to_topic
['keyword:homology'],['cluster:3'],0.0016501237592819462,0.18461384603845288,0.0016251218841413105,0.9848484848484848,5.3346404182671785,1.0,0.0013204861905008402,53.81548616146176,0.813888958453332,0.008801624915368992,0.9814179881790956,0.4968256508749466,['keyword:homology'],['cluster:3'],keyword_to_topic
['keyword:equivariant'],['cluster:3'],0.0011500862564692352,0.18461384603845288,0.0011250843813285997,0.9782608695652174,5.298957204767064,1.0,0.0009127625342458477,37.50776308223119,0.8122177445148084,0.006093432633716995,0.9733388526047895,0.4921775637100193,['keyword:equivariant'],['cluster:3'],keyword_to_topic
['keyword:conjecture'],['cluster:3'],0.002275170637797835,0.18461384603845288,0.002225166887516564,0.9780219780219781,5.2976631981236535,1.0,0.0018051388856789457,37.10007000525052,0.8130874408793248,0.01204982399133496,0.973045872963084,0.4950375328896456,['keyword:conjecture'],['cluster:3'],keyword_to_topic
['keyword:observations'],['cluster:2'],0.0013000975073130484,0.15988699152436434,0.001100082506187964,0.8461538461538461,5.292199434654477,1.0,0.0008922138270553554,5.460734555091632,0.8120984535554568,0.006871778853662344,0.8168744534437052,0.426517110723522,['keyword:observations'],['cluster:2'],keyword_to_topic
['keyword:clouds'],['cluster:2'],0.0014001050078755906,0.15988699152436434,0.0011750881316098707,0.8392857142857143,5.249243270412152,1.0,0.0009512295540824461,5.227369830515067,0.8106313194941261,0.007339163023110555,0.808699205829585,0.4233176030380878,['keyword:clouds'],['cluster:2'],keyword_to_topic
['keyword:manifolds'],['cluster:3'],0.0024001800135010124,0.18461384603845288,0.002325174388079106,0.9687500000000001,5.247439565276274,1.0,0.0018820679246020582,26.0923569267696,0.8113783226388538,0.012589684581020713,0.961674600619385,0.49067239978331534,['keyword:manifolds'],['cluster:3'],keyword_to_topic
['keyword:dark'],['cluster:0'],0.0053504012800960074,0.09963247243543266,0.0027752081406105457,0.5186915887850467,5.206049554990091,1.0,0.0022421344325528766,1.8706665135807514,0.8122616999021494,0.027152641878669274,0.4654311750704075,0.2732730214941545,['keyword:dark'],['cluster:0'],keyword_to_topic
['keyword:bundle'],['cluster:3'],0.001225091881891142,0.18461384603845288,0.0011750881316098707,0.9591836734693877,5.195621531386119,1.0,0.0009489192075434609,19.976960772057883,0.808520757836251,0.00636339019767127,0.94994233550287,0.48277439361443386,['keyword:bundle'],['cluster:3'],keyword_to_topic
['keyword:formation'],['cluster:2'],0.002150161262094657,0.15988699152436434,0.001775133134985124,0.8255813953488372,5.163530738040256,1.0,0.001431350319496579,4.816647915260312,0.8080715507497139,0.011076443057722308,0.7923867350088519,0.4183419095587032,['keyword:formation'],['cluster:2'],keyword_to_topic
['keyword:algebra'],['cluster:3'],0.0039002925219391456,0.18461384603845288,0.0037002775208140612,0.9487179487179487,5.138931716531933,1.0,0.002980229517663859,15.900030002250157,0.8085606502061913,0.02002164502164502,0.9371070369138623,0.484380642831347,['keyword:algebra'],['cluster:3'],keyword_to_topic
['keyword:symplectic'],['cluster:3'],0.0014501087581568618,0.18461384603845288,0.001375103132734955,0.9482758620689655,5.136537060559645,1.0,0.001107392977717572,15.764132309923246,0.8064857999358112,0.0074455123866251525,0.9365648561976027,0.47786219972354016,['keyword:symplectic'],['cluster:3'],keyword_to_topic
['keyword:modules'],['cluster:3'],0.0014001050078755906,0.18461384603845288,0.0013250993824536841,0.9464285714285715,5.12653081953258,1.0,0.001066620612092073,15.220541540615569,0.8060648891076603,0.007174766481656965,0.9342993153475171,0.4768031264510138,['keyword:modules'],['cluster:3'],keyword_to_topic
['keyword:turbulence'],['cluster:2'],0.0026752006400480037,0.15988699152436434,0.0021751631372352925,0.8130841121495326,5.0853675111250745,1.0,0.0017474333551739632,4.494604595344647,0.8055122852211396,0.013561964146531564,0.7775110182026325,0.41334424528508684,['keyword:turbulence'],['cluster:2'],keyword_to_topic
['keyword:emission'],['cluster:2'],0.004350326274470585,0.15988699152436434,0.0035252643948296123,0.810344827586207,5.068234881777251,1.0,0.0028297038146551145,4.4296867719624435,0.8061998812831888,0.021935283136278783,0.7742504038142229,0.4161966514787954,['keyword:emission'],['cluster:2'],keyword_to_topic
['keyword:spaces'],['cluster:3'],0.00275020626546991,0.18461384603845288,0.002550191264344826,0.9272727272727272,5.022769132276174,1.0,0.002042465108277375,11.21155961697127,0.8031153695464196,0.0137987012987013,0.9108063432596594,0.470543189205161,['keyword:spaces'],['cluster:3'],keyword_to_topic
['keyword:wind'],['cluster:2'],0.002150161262094657,0.15988699152436434,0.0017251293847038527,0.8023255813953488,5.018079167954616,1.0,0.0013813465692153078,4.24998345464145,0.8024459494839787,0.010761072988147222,0.7647049663433655,0.4065576304162045,['keyword:wind'],['cluster:2'],keyword_to_topic
['keyword:let'],['cluster:3'],0.0016751256344225817,0.18461384603845288,0.001550116258719404,0.9253731343283582,5.012479584741515,1.0,0.0012408648727510478,10.926174463084733,0.8018411251948976,0.008390851265394506,0.908476658195546,0.4668848336863893,['keyword:let'],['cluster:3'],keyword_to_topic
['keyword:projective'],['cluster:3'],0.0013000975073130484,0.18461384603845288,0.0012000900067505062,0.923076923076923,5.000041670139178,1.0,0.0009600740057004387,10.600020001500104,0.8010431009304461,0.0064970221981591764,0.9056605553707936,0.4647887323943662,['keyword:projective'],['cluster:3'],keyword_to_topic
['keyword:period'],['cluster:2'],0.001600120009000675,0.15988699152436434,0.001275095632172413,0.796875,4.983988956215794,1.0,0.0010192572578553562,4.13594096480313,0.8006386187059403,0.00795880149812734,0.7582170518123921,0.40242499022673967,['keyword:period'],['cluster:2'],keyword_to_topic
['keyword:genus'],['cluster:3'],0.0012500937570317774,0.18461384603845288,0.0011500862564692352,0.92,4.983374864572048,1.0,0.0009193016400749395,10.192326924519344,0.8003332676666148,0.006226312939902545,0.9018869775856254,0.4631148429035753,['keyword:genus'],['cluster:3'],keyword_to_topic
['keyword:categories'],['cluster:3'],0.001225091881891142,0.18461384603845288,0.0011250843813285997,0.9183673469387755,4.974531253454795,1.0,0.0008989154572621899,9.988480386028955,0.7999560539812868,0.006090958310774229,0.8998846710057402,0.46223080239679837,['keyword:categories'],['cluster:3'],keyword_to_topic
['keyword:invariants'],['cluster:3'],0.0018001350101257594,0.18461384603845288,0.0016501237592819462,0.9166666666666667,4.96531915854099,1.0,0.0013177939116741605,9.784633847538574,0.8000432629361872,0.008930987821380243,0.8977989349850265,0.4628024557602023,['keyword:invariants'],['cluster:3'],keyword_to_topic
['keyword:riemannian'],['cluster:3'],0.0012000900067505062,0.18461384603845288,0.001100082506187964,0.9166666666666666,4.965319158540989,1.0,0.0008785292744494401,9.784633847538561,0.7995626241639908,0.005955603681645912,0.8977989349850264,0.46131274828457924,['keyword:riemannian'],['cluster:3'],keyword_to_topic
['keyword:infrared'],['cluster:2'],0.0015751181338600395,0.15988699152436434,0.0012500937570317774,0.7936507936507937,4.963823423557591,1.0,0.0009982528573134247,4.071316887228082,0.7998021735864176,0.00780274656679151,0.7543792272379857,0.4007347009692592,['keyword:infrared'],['cluster:2'],keyword_to_topic
['keyword:survey'],['cluster:2'],0.0023001725129384704,0.15988699152436434,0.001825136885266395,0.7934782608695652,4.962744331508991,1.0,0.0014573692221856258,4.0679156199872875,0.8003395049544036,0.011381353289678826,0.754173858698887,0.40244671448482167,['keyword:survey'],['cluster:2'],keyword_to_topic
['keyword:hilbert'],['cluster:3'],0.0011500862564692352,0.18461384603845288,0.001050078755906693,0.9130434782608695,4.945693391115926,1.0,0.000837756908823941,9.376940770557786,0.7987224826603065,0.00568489442338928,0.8933554104191579,0.45936572612935134,['keyword:hilbert'],['cluster:3'],keyword_to_topic
['keyword:toric'],['cluster:3'],0.0011250843813285997,0.18461384603845288,0.0010250768807660575,0.9111111111111111,4.935226315155893,1.0,0.0008173707260111914,9.173094232067402,0.7982731717084892,0.005549539794260964,0.8909855306506949,0.45833182857830745,['keyword:toric'],['cluster:3'],keyword_to_topic
['keyword:variability'],['cluster:2'],0.0015251143835787685,0.15988699152436434,0.0012000900067505062,0.7868852459016392,4.921508863225624,1.0,0.0009562440562295616,3.9420687320779804,0.7980273646167201,0.0074906367041198485,0.7463260871474277,0.3971955549289275,['keyword:variability'],['cluster:2'],keyword_to_topic
['keyword:noncommutative'],['cluster:3'],0.0014251068830162263,0.18461384603845288,0.001275095632172413,0.894736842105263,4.846531618862975,1.0,0.0010120011694829158,7.74616846263469,0.7947995522695808,0.006901217861975642,0.8709039178758227,0.45082183383703023,['keyword:noncommutative'],['cluster:3'],keyword_to_topic
['keyword:proof'],['cluster:3'],0.0015751181338600395,0.18461384603845288,0.0014001050078755906,0.8888888888888888,4.814854941615505,1.0,0.001109316391218778,7.338475385653921,0.7935593729653928,0.0075767825734000815,0.8637319133133685,0.44823642710966655,['keyword:proof'],['cluster:3'],keyword_to_topic
['keyword:scalar'],['cluster:0'],0.0022501687626571994,0.09963247243543266,0.0010750806310473285,0.47777777777777775,4.795402202704586,1.0,0.0008508907538268135,1.7241080315066182,0.7932518687343422,0.01066468253968254,0.4199899416243968,0.24428412100934058,['keyword:scalar'],['cluster:0'],keyword_to_topic
['keyword:detector'],['cluster:0'],0.003325249393704528,0.09963247243543266,0.001550116258719404,0.4661654135338346,4.67885019952642,1.0,0.0012188134401601985,1.686603960085739,0.7888955513261217,0.015285996055226823,0.4070925815037427,0.2408618786615221,['keyword:detector'],['cluster:0'],keyword_to_topic
['keyword:line'],['cluster:2'],0.002225166887516564,0.15988699152436434,0.0016501237592819462,0.7415730337078651,4.638107369697182,1.0,0.0012943485199972892,3.250872076275285,0.7861441163160118,0.010283577438454348,0.6923902335936396,0.3759467983238309,['keyword:line'],['cluster:2'],keyword_to_topic
['keyword:elliptic'],['cluster:3'],0.0015251143835787685,0.18461384603845288,0.0013000975073130484,0.8524590163934425,4.617524821057492,1.0,0.0010185402753120076,5.526506154628258,0.7846304086538461,0.007033680508589206,0.8190538521046368,0.4297506349572846,['keyword:elliptic'],['cluster:3'],keyword_to_topic
['keyword:affine'],['cluster:3'],0.0014501087581568618,0.18461384603845288,0.001225091881891142,0.8448275862068966,4.576187563044047,1.0,0.0009573817268737589,5.254710769974416,0.7826123614021587,0.006627891248478292,0.8096945685928079,0.42573177793551764,['keyword:affine'],['cluster:3'],keyword_to_topic
['keyword:algebraic'],['cluster:3'],0.0017501312598444884,0.18461384603845288,0.0014751106332974973,0.8428571428571429,4.565514239281845,1.0,0.0011520121703454834,5.1888209797553,0.7823358137074737,0.007978363759296822,0.8072779916860499,0.4254236960222876,['keyword:algebraic'],['cluster:3'],keyword_to_topic
['keyword:cosmic'],['cluster:2'],0.0021251593869540215,0.15988699152436434,0.001550116258719404,0.7294117647058824,4.562045715862577,1.0,0.0012103309178295631,3.104765466105611,0.782462950749714,0.009660330320972266,0.6779144798803993,0.3695534194913306,['keyword:cosmic'],['cluster:2'],keyword_to_topic
['keyword:moduli'],['cluster:3'],0.0017001275095632172,0.18461384603845288,0.0014251068830162263,0.8382352941176471,4.540479016633739,1.0,0.0011112398047199842,5.040568951762292,0.7810868677868128,0.0077079107505071,0.8016096973238749,0.42297734370021034,['keyword:moduli'],['cluster:3'],keyword_to_topic
['keyword:polynomials'],['cluster:3'],0.0023001725129384704,0.18461384603845288,0.001925144385828937,0.8369565217391304,4.533552275189599,1.0,0.001500500691663433,5.001035077630821,0.7812193570118642,0.010406811731315043,0.8000413945359212,0.4236922370342456,['keyword:polynomials'],['cluster:3'],keyword_to_topic
['keyword:gauge'],['cluster:0'],0.0040753056479235945,0.09963247243543266,0.001825136885266395,0.4478527607361963,4.495048148347714,1.0,0.0014191041076336843,1.6306656332558274,0.7807146232206121,0.017914110429447853,0.38675349525618247,0.23308572792142312,['keyword:gauge'],['cluster:0'],keyword_to_topic
['keyword:representations'],['cluster:3'],0.001600120009000675,0.18461384603845288,0.0013250993824536841,0.8281250000000001,4.485714467091008,1.0,0.0010296950734689856,4.744064895776277,0.7783154708665315,0.007167004732927655,0.7892103034066171,0.4176513407367281,['keyword:representations'],['cluster:3'],keyword_to_topic
['keyword:hyperbolic'],['cluster:3'],0.0020251518863914795,0.18461384603845288,0.0016751256344225817,0.8271604938271604,4.480490015114428,1.0,0.0013012545558638228,4.717591319348949,0.7783864772739171,0.009056501757231683,0.7880274207096843,0.4181170833166138,['keyword:hyperbolic'],['cluster:3'],keyword_to_topic
['keyword:shock'],['cluster:2'],0.0021751631372352925,0.15988699152436434,0.001550116258719404,0.7126436781609197,4.457171101704817,1.0,0.001202335968632155,2.923593269495213,0.7773332740601838,0.009657320872274142,0.6579551572942772,0.3611693762188492,['keyword:shock'],['cluster:2'],keyword_to_topic
['keyword:magic'],['cluster:2'],0.0014751106332974973,0.15988699152436434,0.001050078755906693,0.711864406779661,4.4522972131299605,1.0,0.0008142277545831563,2.9156863235330883,0.776542331089379,0.0065502183406113525,0.6570275780598208,0.3592160188706749,['keyword:magic'],['cluster:2'],keyword_to_topic
['keyword:sources'],['cluster:2'],0.002925219391454359,0.15988699152436434,0.0020751556366727505,0.7094017094017094,4.4368944755184,1.0,0.0016074511086243812,2.8909771174014525,0.7768897052603594,0.012910250427749261,0.65409618983811,0.3611902995796663,['keyword:sources'],['cluster:2'],keyword_to_topic
['keyword:velocity'],['cluster:2'],0.00297522314173563,0.15988699152436434,0.002100157511813386,0.7058823529411765,4.414882950834752,1.0,0.0016244580345676086,2.8563842288171615,0.7758016115819917,0.013063763608087092,0.6499070433482601,0.3595088074322771,['keyword:velocity'],['cluster:2'],keyword_to_topic
['keyword:loop'],['cluster:0'],0.00365027377053279,0.09963247243543266,0.001600120009000675,0.4383561643835617,4.399731871229439,1.0,0.001236434208176284,1.6030934027369124,0.775544371533964,0.01573641504794689,0.3762060287362356,0.22720819511524382,['keyword:loop'],['cluster:0'],keyword_to_topic
['keyword:lines'],['cluster:2'],0.001925144385828937,0.15988699152436434,0.0013501012575943196,0.7012987012987013,4.386214879725435,1.0,0.0010422957134941107,2.8125522457662586,0.7735020967861649,0.008413836086008103,0.6444510492186226,0.35487139912472204,['keyword:lines'],['cluster:2'],keyword_to_topic
['keyword:invariant'],['cluster:3'],0.0019501462609695728,0.18461384603845288,0.0015751181338600395,0.8076923076923076,4.3750364613717805,1.0,0.0012150941322849383,4.240008000600043,0.7729378181293309,0.008514664143803218,0.7641513884269839,0.40811213434452864,['keyword:invariant'],['cluster:3'],keyword_to_topic
['keyword:singularities'],['cluster:3'],0.001275095632172413,0.18461384603845288,0.0010250768807660575,0.803921568627451,4.3546114545493175,1.0,0.0007896765720438759,4.158469385203891,0.77134192134992,0.0055450365160941316,0.759526905847121,0.4047370573364774,['keyword:singularities'],['cluster:3'],keyword_to_topic
['keyword:operators'],['cluster:3'],0.0036752756456734253,0.18461384603845288,0.0029502212665949946,0.8027210884353742,4.3481087993160425,1.0,0.0022717144943957654,4.133164297667153,0.772855411181762,0.015917981923647646,0.7580546215972054,0.4093507934051194,['keyword:operators'],['cluster:3'],keyword_to_topic
['keyword:gas'],['cluster:2'],0.003800285021376603,0.15988699152436434,0.0026251968897667323,0.6907894736842105,4.320485782478087,1.0,0.0020175807507637226,2.716961218899928,0.7714763757178112,0.016299285936044704,0.6319417468884997,0.35360427554421625,['keyword:gas'],['cluster:2'],keyword_to_topic
['keyword:calculus'],['cluster:3'],0.0013501012575943196,0.18461384603845288,0.0010750806310473285,0.7962962962962963,4.31330755186389,1.0,0.0008258332453414892,4.002804755811231,0.7691978511238979,0.00581473968897904,0.7501751744078423,0.4010598491232294,['keyword:calculus'],['cluster:3'],keyword_to_topic
['keyword:smooth'],['cluster:3'],0.0013501012575943196,0.18461384603845288,0.0010750806310473285,0.7962962962962963,4.31330755186389,1.0,0.0008258332453414892,4.002804755811231,0.7691978511238979,0.00581473968897904,0.7501751744078423,0.4010598491232294,['keyword:smooth'],['cluster:3'],keyword_to_topic
['keyword:theorem'],['cluster:3'],0.0026752006400480037,0.18461384603845288,0.0021251593869540215,0.794392523364486,4.302995362541894,1.0,0.0016312803078702288,3.9657417488129787,0.769662749030422,0.01147718066432622,0.74784036295371,0.4029519496562408,['keyword:theorem'],['cluster:3'],keyword_to_topic
['keyword:solutions'],['cluster:3'],0.004150311273345501,0.18461384603845288,0.003275245643423257,0.7891566265060241,4.274634018196296,1.0,0.0025090407169941955,3.8672600445033387,0.7692544895312468,0.017657366221862786,0.7414189921307898,0.4034488441305852,['keyword:solutions'],['cluster:3'],keyword_to_topic
['keyword:cross'],['cluster:0'],0.002500187514063555,0.09963247243543266,0.001050078755906693,0.42,4.215493099121706,1.0,0.000800978892328343,1.5523578061458054,0.7646917001755711,0.010388325500865693,0.35581861601688325,0.21526976160602257,['keyword:cross'],['cluster:0'],keyword_to_topic
['keyword:plasma'],['cluster:2'],0.0041753131484861365,0.15988699152436434,0.00275020626546991,0.6586826347305389,4.119676206617258,1.0,0.00208262800748634,2.461383726586511,0.760437541369,0.017048977061376317,0.5937244610831904,0.3379417864817667,['keyword:plasma'],['cluster:2'],keyword_to_topic
['keyword:abelian'],['cluster:3'],0.0018751406355476661,0.18461384603845288,0.0014251068830162263,0.76,4.116700975081257,1.0,0.0010789299584247829,3.397442308173113,0.7585093564028803,0.007700621453661173,0.7056609327568761,0.3838596966413868,['keyword:abelian'],['cluster:3'],keyword_to_topic
['keyword:clusters'],['cluster:2'],0.005275395654674101,0.15988699152436434,0.0034502587694077054,0.6540284360189572,4.090566904683382,1.0,0.002606791629081159,2.4282718464158775,0.7595419916844974,0.02133580705009276,0.5881844936447304,0.3378038974465388,['keyword:clusters'],['cluster:2'],keyword_to_topic
['keyword:integrals'],['cluster:3'],0.0013250993824536841,0.18461384603845288,0.001000075005625422,0.7547169811320755,4.088084384390523,1.0,0.0007554433122474685,3.324266627689385,0.7563889445223312,0.005407597674733001,0.6991817708993231,0.380067049612625,['keyword:integrals'],['cluster:3'],keyword_to_topic
['keyword:manifold'],['cluster:3'],0.0016251218841413105,0.18461384603845288,0.001225091881891142,0.7538461538461539,4.083367363946996,1.0,0.0009250718805785575,3.3125062504687866,0.7563332154458497,0.0066216216216216225,0.6981137771865397,0.3802410617551463,['keyword:manifold'],['cluster:3'],keyword_to_topic
['keyword:flux'],['cluster:2'],0.002225166887516564,0.15988699152436434,0.0014501087581568618,0.6516853932584269,4.075912537006614,1.0,0.0010943335188722048,2.411937346913921,0.7563391490082362,0.009025832555244319,0.5853955322349057,0.3303774894360938,['keyword:flux'],['cluster:2'],keyword_to_topic
['keyword:conformal'],['cluster:3'],0.0020751556366727505,0.18461384603845288,0.001550116258719404,0.7469879518072289,4.046218459972066,1.0,0.001167013795504873,3.222716703752781,0.754421199126509,0.00837272113436867,0.6897027905569476,0.3776922424258246,['keyword:conformal'],['cluster:3'],keyword_to_topic
['keyword:duality'],['cluster:3'],0.0018751406355476661,0.18461384603845288,0.0014001050078755906,0.7466666666666666,4.044478150957024,1.0,0.0010539280832841471,3.2186295551113693,0.7541634759209029,0.007564500878022424,0.6893087623544802,0.3771253159985554,['keyword:duality'],['cluster:3'],keyword_to_topic
['keyword:theories'],['cluster:3'],0.002550191264344826,0.18461384603845288,0.0019001425106883016,0.7450980392156863,4.035981348118879,1.0,0.0014293418932439384,3.198822604002993,0.7541520174669033,0.010256410256410256,0.6873849776012573,0.37769528179635886,['keyword:theories'],['cluster:3'],keyword_to_topic
['keyword:groups'],['cluster:3'],0.003975298147361052,0.18461384603845288,0.0029002175163137236,0.729559748427673,3.9518149049108393,1.0,0.0021663224361798635,3.015032522788047,0.749932917972963,0.015618688568735694,0.6683286191966896,0.37263469544893946,['keyword:groups'],['cluster:3'],keyword_to_topic
['keyword:infinite'],['cluster:3'],0.0014501087581568618,0.18461384603845288,0.001050078755906693,0.7241379310344828,3.922446482609183,1.0,0.00078236860088931,2.9557748081106086,0.7461390525313006,0.005675675675675676,0.6616792330538805,0.36491295251615796,['keyword:infinite'],['cluster:3'],keyword_to_topic
['keyword:boundary'],['cluster:3'],0.0034002550191264344,0.18461384603845288,0.002450183763782284,0.7205882352941178,3.903218803772864,1.0,0.0018224496071897996,2.9182241299676432,0.7463389359657463,0.013203988143357586,0.6573258408321475,0.36693008731119753,['keyword:boundary'],['cluster:3'],keyword_to_topic
['keyword:equation'],['cluster:3'],0.004450333775033128,0.18461384603845288,0.00320024001800135,0.7191011235955055,3.8951635482732168,1.0,0.0023786467836376573,2.9027747081031063,0.7465939626811321,0.017218186709712133,0.6555020280394147,0.36821795074683183,['keyword:equation'],['cluster:3'],keyword_to_topic
['keyword:gamma'],['cluster:2'],0.004600345025876941,0.15988699152436434,0.0028502137660324526,0.6195652173913044,3.87501954652072,1.0,0.0021146784398709145,2.2082970508502426,0.7453657251157936,0.017633410672853827,0.5471623712874234,0.3186958221436585,['keyword:gamma'],['cluster:2'],keyword_to_topic
['keyword:shear'],['cluster:2'],0.002100157511813386,0.15988699152436434,0.0013000975073130484,0.619047619047619,3.8717822703749203,1.0,0.0009643096410219114,2.205296647248543,0.7432820230154431,0.00809086665629376,0.5465462656701272,0.3135894858334264,['keyword:shear'],['cluster:2'],keyword_to_topic
['keyword:integral'],['cluster:3'],0.0017501312598444884,0.18461384603845288,0.0012500937570317774,0.7142857142857143,3.869079863798174,1.0,0.0009269952940797635,2.853851538865415,0.742840684248754,0.00675310642895732,0.6495963485200906,0.3605285559510912,['keyword:integral'],['cluster:3'],keyword_to_topic
['keyword:cluster'],['cluster:2'],0.005825436907768083,0.15988699152436434,0.003600270020251519,0.6180257510729613,3.86539108141755,1.0,0.002668858438753484,2.199396977245203,0.7456376300729861,0.02220851326341764,0.5453299198162381,0.3202716714708044,['keyword:cluster'],['cluster:2'],keyword_to_topic
['keyword:equations'],['cluster:3'],0.0038252868965172387,0.18461384603845288,0.0027252043903292747,0.7124183006535948,3.8589646223241916,1.0,0.00201900346416273,2.8353200353662893,0.7437080301248263,0.014674205708131396,0.6473061285757775,0.3635899737287476,['keyword:equations'],['cluster:3'],keyword_to_topic
['keyword:universe'],['cluster:2'],0.0016251218841413105,0.15988699152436434,0.001000075005625422,0.6153846153846155,3.848872316112348,1.0,0.0007402391567096613,2.1842938220366537,0.7413884854252228,0.006230529595015577,0.5421861336092634,0.31081975100739767,['keyword:universe'],['cluster:2'],keyword_to_topic
['keyword:curvature'],['cluster:3'],0.0016751256344225817,0.18461384603845288,0.0011750881316098707,0.7014925373134329,3.799782911013729,1.0,0.0008658367456415145,2.731543615771183,0.7380634194947542,0.006347920043219882,0.6339066327821842,0.35392882553645644,['keyword:curvature'],['cluster:3'],keyword_to_topic
['keyword:rotation'],['cluster:2'],0.002100157511813386,0.15988699152436434,0.001275095632172413,0.6071428571428571,3.7973249190215563,1.0,0.0009393077658812759,2.1384694761197998,0.7382070709675898,0.007934038581207217,0.5323758364723188,0.3075589187981682,['keyword:rotation'],['cluster:2'],keyword_to_topic
['keyword:singular'],['cluster:3'],0.0015251143835787685,0.18461384603845288,0.001050078755906693,0.6885245901639344,3.7295392785464365,1.0,0.0007685215239056522,2.6178187048239145,0.7329882574023198,0.005673375658516817,0.6180025766653446,0.3471062820808838,['keyword:singular'],['cluster:3'],keyword_to_topic
['keyword:dimension'],['cluster:3'],0.001975148136110208,0.18461384603845288,0.0013501012575943196,0.6835443037974684,3.7025625025714173,1.0,0.0009854615636913325,2.5766202465184898,0.7313613277589429,0.007288432986907815,0.6118946898165561,0.34542870661162695,['keyword:dimension'],['cluster:3'],keyword_to_topic
['keyword:instability'],['cluster:2'],0.002450183763782284,0.15988699152436434,0.0014501087581568618,0.5918367346938775,3.701594038710089,1.0,0.0010583562474838688,2.058276870765307,0.7316387671975185,0.009013209013209013,0.5141567132179935,0.3004531601538191,['keyword:instability'],['cluster:2'],keyword_to_topic
['keyword:operator'],['cluster:3'],0.0025251893892041903,0.18461384603845288,0.0017251293847038527,0.6831683168316831,3.7005258895336985,1.0,0.0012589444595873754,2.5735625484411324,0.731615606373673,0.0093042071197411,0.611433574596536,0.3462564227712045,['keyword:operator'],['cluster:3'],keyword_to_topic
['keyword:nuclear'],['cluster:0'],0.0028502137660324526,0.09963247243543266,0.001050078755906693,0.3684210526315789,3.6978009641418472,1.0,0.000766104911427374,1.4255819186438983,0.7316543747604601,0.010352477199901405,0.2985320682579491,0.18948028792181204,['keyword:nuclear'],['cluster:0'],keyword_to_topic
['keyword:relay'],['cluster:1'],0.0034502587694077054,0.2716203715278646,0.0034502587694077054,1.0,3.681608983799705,1.0,0.0025130982005939113,inf,0.7309014275320505,0.012702503681885123,1.0,0.5063512518409425,['keyword:relay'],['cluster:1'],keyword_to_topic
['author:H. Vincent Poor'],['cluster:1'],0.001975148136110208,0.2716203715278646,0.001975148136110208,1.0,3.681608983799705,1.0,0.001438657665557384,inf,0.7298211333233128,0.007271723122238585,1.0,0.5036358615611193,['author:H. Vincent Poor'],['cluster:1'],author_to_topic
['keyword:lasso'],['cluster:1'],0.0015251143835787685,0.2716203715278646,0.0015251143835787685,1.0,3.681608983799705,1.0,0.0011108622480886132,inf,0.7294921875,0.005614874815905744,1.0,0.5028074374079529,['keyword:lasso'],['cluster:1'],keyword_to_topic
['keyword:wireless'],['cluster:1'],0.0014501087581568618,0.2716203715278646,0.0014501087581568618,1.0,3.681608983799705,1.0,0.0010562296785104847,inf,0.7294373920228348,0.005338733431516937,1.0,0.5026693667157585,['keyword:wireless'],['cluster:1'],keyword_to_topic
['keyword:allocation'],['cluster:1'],0.0014251068830162263,0.2716203715278646,0.0014251068830162263,1.0,3.681608983799705,1.0,0.0010380188219844418,inf,0.7294191286930396,0.005246686303387334,1.0,0.5026233431516937,['keyword:allocation'],['cluster:1'],keyword_to_topic
['keyword:nonparametric'],['cluster:1'],0.0014251068830162263,0.2716203715278646,0.0014251068830162263,1.0,3.681608983799705,1.0,0.0010380188219844418,inf,0.7294191286930396,0.005246686303387334,1.0,0.5026233431516937,['keyword:nonparametric'],['cluster:1'],keyword_to_topic
['keyword:policy'],['cluster:1'],0.0014001050078755906,0.2716203715278646,0.0014001050078755906,1.0,3.681608983799705,1.0,0.001019807965458399,inf,0.7294008662777598,0.005154639175257731,1.0,0.5025773195876289,['keyword:policy'],['cluster:1'],keyword_to_topic
['keyword:mimo'],['cluster:1'],0.0013250993824536841,0.2716203715278646,0.0013250993824536841,1.0,3.681608983799705,1.0,0.0009651753958802705,inf,0.7293460845183257,0.004878497790868925,1.0,0.5024392488954345,['keyword:mimo'],['cluster:1'],keyword_to_topic
['keyword:prediction'],['cluster:1'],0.0013000975073130484,0.2716203715278646,0.0013000975073130484,1.0,3.681608983799705,1.0,0.0009469645393542275,inf,0.7293278257604207,0.004786450662739322,1.0,0.5023932253313697,['keyword:prediction'],['cluster:1'],keyword_to_topic
['keyword:throughput'],['cluster:1'],0.0013000975073130484,0.2716203715278646,0.0013000975073130484,1.0,3.681608983799705,1.0,0.0009469645393542275,inf,0.7293278257604207,0.004786450662739322,1.0,0.5023932253313697,['keyword:throughput'],['cluster:1'],keyword_to_topic
['keyword:quantile'],['cluster:1'],0.0011500862564692352,0.2716203715278646,0.0011500862564692352,1.0,3.681608983799705,1.0,0.0008376994001979706,inf,0.7292182924082001,0.004234167893961708,1.0,0.5021170839469808,['keyword:quantile'],['cluster:1'],keyword_to_topic
['keyword:secrecy'],['cluster:1'],0.0011500862564692352,0.2716203715278646,0.0011500862564692352,1.0,3.681608983799705,1.0,0.0008376994001979706,inf,0.7292182924082001,0.004234167893961708,1.0,0.5021170839469808,['keyword:secrecy'],['cluster:1'],keyword_to_topic
['keyword:copula'],['cluster:1'],0.001100082506187964,0.2716203715278646,0.001100082506187964,1.0,3.681608983799705,1.0,0.0008012776871458848,inf,0.7291817886016069,0.004050073637702503,1.0,0.5020250368188512,['keyword:copula'],['cluster:1'],keyword_to_topic
['keyword:diversity'],['cluster:1'],0.001100082506187964,0.2716203715278646,0.001100082506187964,1.0,3.681608983799705,1.0,0.0008012776871458848,inf,0.7291817886016069,0.004050073637702503,1.0,0.5020250368188512,['keyword:diversity'],['cluster:1'],keyword_to_topic
['keyword:alpha'],['cluster:2'],0.0021751631372352925,0.15988699152436434,0.001275095632172413,0.5862068965517242,3.666382680434607,1.0,0.000927315342085164,2.03027310381612,0.7288369419429009,0.007930337428082723,0.5074554265037591,0.29709093850260176,['keyword:alpha'],['cluster:2'],keyword_to_topic
['keyword:binary'],['cluster:2'],0.0029002175163137236,0.15988699152436434,0.0017001275095632172,0.5862068965517241,3.6663826804346065,1.0,0.0012364204561135519,2.030273103816119,0.7293669254266738,0.010554089709762533,0.507455426503759,0.2984201019115149,['keyword:binary'],['cluster:2'],keyword_to_topic
['keyword:regression'],['cluster:1'],0.00482536190214266,0.2716203715278646,0.004800360027002025,0.9948186528497409,3.662533289583126,1.0,0.003489693434385632,140.57726829512163,0.730489816768834,0.017671421997238836,0.9928864743772041,0.5062458507253123,['keyword:regression'],['cluster:1'],keyword_to_topic
['keyword:mass'],['cluster:2'],0.006025451908893167,0.15988699152436434,0.0035252643948296123,0.5850622406639004,3.659223524602662,1.0,0.002561873016541946,2.024672350426282,0.7311233274749019,0.021709006928406466,0.5060929242257611,0.30355535801764216,['keyword:mass'],['cluster:2'],keyword_to_topic
['keyword:estimator'],['cluster:1'],0.0033002475185638924,0.2716203715278646,0.003275245643423257,0.9924242424242424,3.6537180066497075,1.0,0.002378831186297019,96.14611095832196,0.7287111175790814,0.012057063966866084,0.9895991632939424,0.5022412081046101,['keyword:estimator'],['cluster:1'],keyword_to_topic
['keyword:inference'],['cluster:1'],0.0032252418931419855,0.2716203715278646,0.00320024001800135,0.9922480620155039,3.653069379274126,1.0,0.0023241986167188903,93.96097207290529,0.7286075298485,0.011780947998159225,0.9893572833705457,0.5020150472080465,['keyword:inference'],['cluster:1'],keyword_to_topic
['keyword:curves'],['cluster:3'],0.002225166887516564,0.18461384603845288,0.0015001125084381328,0.6741573033707864,3.6517158265061407,1.0,0.0010893158912562864,2.5023919897440576,0.7277755504326617,0.008093889113719142,0.6003823525257211,0.341141490255274,['keyword:curves'],['cluster:3'],keyword_to_topic
['keyword:estimators'],['cluster:1'],0.002600195014626097,0.2716203715278646,0.0025751931394854613,0.9903846153846154,3.646208897417016,1.0,0.0018689272035678195,75.75148136110235,0.7276345291616237,0.009479981592268752,0.986798938026927,0.4999327347909822,['keyword:estimators'],['cluster:1'],keyword_to_topic
['keyword:latent'],['cluster:1'],0.001975148136110208,0.2716203715278646,0.0019501462609695728,0.9873417721518989,3.6350063384351525,1.0,0.0014136557904167488,57.54199064929939,0.7263319291727529,0.007179015186378279,0.9826213867696255,0.4972607240730039,['keyword:latent'],['cluster:1'],keyword_to_topic
['keyword:online'],['cluster:1'],0.0018001350101257594,0.2716203715278646,0.001775133134985124,0.9861111111111112,3.630475525691376,1.0,0.001286179794734449,52.44333324999393,0.7258606365809133,0.006534744592728945,0.9809317993722279,0.49632322860415645,['keyword:online'],['cluster:1'],keyword_to_topic
['keyword:community'],['cluster:1'],0.0015001125084381328,0.2716203715278646,0.0014751106332974973,0.9833333333333334,3.6202488340697103,1.0,0.0010676495164219347,43.70277770832828,0.7248632698194571,0.005430280717901518,0.9771181592466733,0.49438205694648996,['keyword:community'],['cluster:1'],keyword_to_topic
['keyword:risk'],['cluster:1'],0.0015001125084381328,0.2716203715278646,0.0014751106332974973,0.9833333333333334,3.6202488340697103,1.0,0.0010676495164219347,43.70277770832828,0.7248632698194571,0.005430280717901518,0.9771181592466733,0.49438205694648996,['keyword:risk'],['cluster:1'],keyword_to_topic
['keyword:training'],['cluster:1'],0.0014001050078755906,0.2716203715278646,0.001375103132734955,0.9821428571428572,3.6158659662318535,1.0,0.0009948060903177635,40.78925919443972,0.724455389881894,0.005062126092959043,0.9754837420500072,0.49360272459499266,['keyword:training'],['cluster:1'],keyword_to_topic
['keyword:formula'],['cluster:3'],0.0020251518863914795,0.18461384603845288,0.0013501012575943196,0.6666666666666666,3.6111412062116286,1.0,0.0009762301790355606,2.4461584618846413,0.7245465477502756,0.007286466063958981,0.5911957399401057,0.33698988804622604,['keyword:formula'],['cluster:3'],keyword_to_topic
['keyword:scheduling'],['cluster:1'],0.0013000975073130484,0.2716203715278646,0.001275095632172413,0.9807692307692308,3.6108088110343264,1.0,0.000921962664213592,37.875740680551175,0.7239950029329544,0.004693971468016567,0.973597876053854,0.49273181715192027,['keyword:scheduling'],['cluster:1'],keyword_to_topic
['keyword:routing'],['cluster:1'],0.001275095632172413,0.2716203715278646,0.0012500937570317774,0.9803921568627452,3.6094205723526525,1.0,0.0009037518076875492,37.147361052079034,0.7238702248034846,0.004601932811780948,0.9730801873490275,0.49249725663461263,['keyword:routing'],['cluster:1'],keyword_to_topic
['keyword:gene'],['cluster:1'],0.0011250843813285997,0.2716203715278646,0.001100082506187964,0.9777777777777776,3.599795450826378,1.0,0.000794486668531292,32.77708328124588,0.7230198966031965,0.004049700874367234,0.9694908789955642,0.49091392570774006,['keyword:gene'],['cluster:1'],keyword_to_topic
['keyword:users'],['cluster:1'],0.0021751631372352925,0.2716203715278646,0.0021251593869540215,0.9770114942528736,3.5969742945169534,1.0,0.0015343407674844557,31.684513838537924,0.7235624272259643,0.007822565801582918,0.9684388403402391,0.4924177500719449,['keyword:users'],['cluster:1'],keyword_to_topic
['keyword:sparse'],['cluster:1'],0.003800285021376603,0.2716203715278646,0.0037002775208140612,0.9736842105263158,3.5847245368576077,1.0,0.0026680426913959694,27.678425881941173,0.7237891423862061,0.01361796098638204,0.9638707777579054,0.49365359274474846,['keyword:sparse'],['cluster:1'],keyword_to_topic
['keyword:multivariate'],['cluster:1'],0.0019001425106883016,0.2716203715278646,0.0018501387604070306,0.9736842105263158,3.5847245368576077,1.0,0.0013340213456979847,27.678425881941173,0.7224112216221632,0.006810233756672187,0.9638707777579054,0.4902478490039532,['keyword:multivariate'],['cluster:1'],keyword_to_topic
['keyword:points'],['cluster:3'],0.001550116258719404,0.18461384603845288,0.0010250768807660575,0.6612903225806451,3.582019099709922,1.0,0.0007389039564371308,2.4073305497912343,0.7219469442722473,0.0055367994598244435,0.5846021228423655,0.33342143431307447,['keyword:points'],['cluster:3'],keyword_to_topic
['keyword:user'],['cluster:1'],0.0017501312598444884,0.2716203715278646,0.0017001275095632172,0.9714285714285714,3.576420155691142,1.0,0.0012247562065417275,25.493286996524727,0.721653782859601,0.006258052641266335,0.9607739872800115,0.4888438880706922,['keyword:user'],['cluster:1'],keyword_to_topic
['keyword:high_dimensional'],['cluster:1'],0.0016251218841413105,0.2716203715278646,0.0015751181338600395,0.9692307692307693,3.568328707375099,1.0,0.0011337019239115135,23.672337925344483,0.7209283559829488,0.0057979017117614565,0.9577566016861663,0.48751486915146713,['keyword:high_dimensional'],['cluster:1'],keyword_to_topic
['keyword:learning'],['cluster:1'],0.005550416281221091,0.2716203715278646,0.005375403155236643,0.9684684684684686,3.5655222140402554,1.0,0.003867797022797061,23.100039645830652,0.7235521903731746,0.019777389384601232,0.9567100310072199,0.49412930050816656,['keyword:learning'],['cluster:1'],keyword_to_topic
['keyword:likelihood'],['cluster:1'],0.002375178138360377,0.2716203715278646,0.0023001725129384704,0.968421052631579,3.565347647469188,1.0,0.001655025744552163,23.065354901617628,0.721235505248729,0.008465997975522223,0.9566449333094864,0.4884446942097512,['keyword:likelihood'],['cluster:1'],keyword_to_topic
['keyword:time_series'],['cluster:1'],0.002875215641173088,0.2716203715278646,0.0027752081406105457,0.9652173913043477,3.553553019145802,1.0,0.001994240999932384,20.94091431857381,0.7206635701445389,0.010213470739786528,0.9522465932104486,0.48771731126336676,['keyword:time_series'],['cluster:1'],keyword_to_topic
['keyword:optimization'],['cluster:1'],0.002150161262094657,0.2716203715278646,0.0020751556366727505,0.9651162790697675,3.5531807634345993,1.0,0.0014911280358177775,20.880216016201242,0.7201103781214407,0.007637802521395049,0.9521077751674559,0.48637809535226223,['keyword:optimization'],['cluster:1'],keyword_to_topic
['keyword:bayesian'],['cluster:1'],0.004200315023626772,0.2716203715278646,0.004050303772782959,0.9642857142857144,3.550122948664002,1.0,0.0029094126455313837,20.39462959721986,0.721349509895544,0.014903403863845447,0.9509674841000144,0.48959867452135497,['keyword:bayesian'],['cluster:1'],keyword_to_topic
['keyword:recovery'],['cluster:1'],0.001375103132734955,0.2716203715278646,0.0013250993824536841,0.9636363636363637,3.5477322934797164,1.0,0.0009515933586510851,20.030439782983777,0.719118665461145,0.0048775998527517015,0.9500759838109238,0.4842574307136163,['keyword:recovery'],['cluster:1'],keyword_to_topic
['keyword:estimation'],['cluster:1'],0.0033002475185638924,0.2716203715278646,0.0031752381428607145,0.962121212121212,3.542154098049716,1.0,0.0022788236857344767,19.229222191664334,0.7200622968660962,0.011684607599595177,0.9479958164697121,0.48690559869683575,['keyword:estimation'],['cluster:1'],keyword_to_topic
['keyword:traffic'],['cluster:1'],0.0013000975073130484,0.2716203715278646,0.0012500937570317774,0.9615384615384616,3.5400086382689473,1.0,0.0008969607890729565,18.93787034027553,0.7184488671923895,0.004601509295048776,0.9471957521077078,0.48307040897247083,['keyword:traffic'],['cluster:1'],keyword_to_topic
['keyword:social'],['cluster:1'],0.0025251893892041903,0.2716203715278646,0.0024251818886416483,0.9603960396039605,3.535802687411598,1.0,0.0017392890085677847,18.391585618921454,0.7189943854020453,0.008925285241074714,0.9456273091010061,0.48466230551626593,['keyword:social'],['cluster:1'],keyword_to_topic
['keyword:surfaces'],['cluster:3'],0.002150161262094657,0.18461384603845288,0.0014001050078755906,0.6511627906976745,3.527161178160196,1.0,0.001003155467677402,2.337440308023102,0.7180297590710759,0.007553277582951173,0.572181588309413,0.32937337801405936,['keyword:surfaces'],['cluster:3'],keyword_to_topic
['keyword:communities'],['cluster:1'],0.0011750881316098707,0.2716203715278646,0.0011250843813285997,0.9574468085106383,3.524944771723122,1.0,0.0008059065064427423,17.1169212690952,0.7171503267973856,0.004141358365543898,0.9415782789276768,0.4807944646382352,['keyword:communities'],['cluster:1'],keyword_to_topic
['keyword:confidence'],['cluster:1'],0.0011750881316098707,0.2716203715278646,0.0011250843813285997,0.9574468085106383,3.524944771723122,1.0,0.0008059065064427423,17.1169212690952,0.7171503267973856,0.004141358365543898,0.9415782789276768,0.4807944646382352,['keyword:confidence'],['cluster:1'],keyword_to_topic
['keyword:robust'],['cluster:1'],0.0017001275095632172,0.2716203715278646,0.0016251218841413105,0.9558823529411764,3.5191850580438357,1.0,0.0011633326183490063,16.509938245368378,0.7170624011466507,0.0059814116131407,0.9394304215353115,0.48093270813480027,['keyword:robust'],['cluster:1'],keyword_to_topic
['keyword:conductance'],['cluster:4'],0.0019001425106883016,0.28424631847388554,0.0019001425106883016,1.0,3.518075468378925,1.0,0.001360033997449426,inf,0.717116304701786,0.006684844753276454,1.0,0.5033424223766382,['keyword:conductance'],['cluster:4'],keyword_to_topic
['keyword:rydberg'],['cluster:4'],0.0015251143835787685,0.28424631847388554,0.0015251143835787685,1.0,3.518075468378925,1.0,0.0010916062347949343,inf,0.7168469551282052,0.005365467499340312,1.0,0.5026827337496702,['keyword:rydberg'],['cluster:4'],keyword_to_topic
['keyword:doping'],['cluster:4'],0.0014251068830162263,0.28424631847388554,0.0014251068830162263,1.0,3.518075468378925,1.0,0.0010200254980870698,inf,0.7167751627441162,0.0050136335649573404,1.0,0.5025068167824787,['keyword:doping'],['cluster:4'],keyword_to_topic
['keyword:josephson'],['cluster:4'],0.0014251068830162263,0.28424631847388554,0.0014251068830162263,1.0,3.518075468378925,1.0,0.0010200254980870698,inf,0.7167751627441162,0.0050136335649573404,1.0,0.5025068167824787,['keyword:josephson'],['cluster:4'],keyword_to_topic
['keyword:quantum_dot'],['cluster:4'],0.0013501012575943196,0.28424631847388554,0.0013501012575943196,1.0,3.518075468378925,1.0,0.0009663399455561712,inf,0.7167213278922464,0.0047497581141701115,1.0,0.5023748790570851,['keyword:quantum_dot'],['cluster:4'],keyword_to_topic
['keyword:exciton'],['cluster:4'],0.0013000975073130484,0.28424631847388554,0.0013000975073130484,1.0,3.518075468378925,1.0,0.0009305495772022388,inf,0.7166854424834147,0.004573841146978626,1.0,0.5022869205734893,['keyword:exciton'],['cluster:4'],keyword_to_topic
['keyword:non_markovian'],['cluster:4'],0.0013000975073130484,0.28424631847388554,0.0013000975073130484,1.0,3.518075468378925,1.0,0.0009305495772022388,inf,0.7166854424834147,0.004573841146978626,1.0,0.5022869205734893,['keyword:non_markovian'],['cluster:4'],keyword_to_topic
['keyword:waveguide'],['cluster:4'],0.0011250843813285997,0.28424631847388554,0.0011250843813285997,1.0,3.518075468378925,1.0,0.0008052832879634762,inf,0.7165598718462155,0.003958131761808426,1.0,0.5019790658809042,['keyword:waveguide'],['cluster:4'],keyword_to_topic
['keyword:insulator'],['cluster:4'],0.001100082506187964,0.28424631847388554,0.001100082506187964,1.0,3.518075468378925,1.0,0.0007873881037865097,inf,0.7165419367757114,0.003870173278212683,1.0,0.5019350866391064,['keyword:insulator'],['cluster:4'],keyword_to_topic
['keyword:nanowires'],['cluster:4'],0.0010750806310473285,0.28424631847388554,0.0010750806310473285,1.0,3.518075468378925,1.0,0.0007694929196095438,inf,0.7165240026029935,0.0037822147946169407,1.0,0.5018911073973085,['keyword:nanowires'],['cluster:4'],keyword_to_topic
['keyword:optomechanical'],['cluster:4'],0.0010250768807660575,0.28424631847388554,0.0010250768807660575,1.0,3.518075468378925,1.0,0.0007337025512556116,inf,0.7164881369506458,0.0036062978274254555,1.0,0.5018031489137127,['keyword:optomechanical'],['cluster:4'],keyword_to_topic
['keyword:resonators'],['cluster:4'],0.0010250768807660575,0.28424631847388554,0.0010250768807660575,1.0,3.518075468378925,1.0,0.0007337025512556116,inf,0.7164881369506458,0.0036062978274254555,1.0,0.5018031489137127,['keyword:resonators'],['cluster:4'],keyword_to_topic
['keyword:periodic'],['cluster:3'],0.001925144385828937,0.18461384603845288,0.0012500937570317774,0.6493506493506493,3.5173453307256124,1.0,0.0008946854477845621,2.3253605131495974,0.7170751503006012,0.006746727836999055,0.5699591550019294,0.3280610234835587,['keyword:periodic'],['cluster:3'],keyword_to_topic
['keyword:space'],['cluster:3'],0.002700202515188639,0.18461384603845288,0.0017501312598444884,0.6481481481481481,3.510831728261306,1.0,0.0012516364884328098,2.3174132796801863,0.7171035337346853,0.009431420102398277,0.5684843921590005,0.3288140524056017,['keyword:space'],['cluster:3'],keyword_to_topic
['keyword:metric'],['cluster:3'],0.0024751856389229193,0.18461384603845288,0.001600120009000675,0.6464646464646464,3.501712684811276,1.0,0.0011431664685399696,2.306377978348376,0.7161981803599178,0.008626499528238308,0.5664197241788999,0.3275660177068627,['keyword:metric'],['cluster:3'],keyword_to_topic
['keyword:agent'],['cluster:1'],0.0015251143835787685,0.2716203715278646,0.0014501087581568618,0.9508196721311475,3.5005462468915227,1.0,0.0010358566226667065,14.810385778933401,0.7154213983753315,0.00533725959326401,0.9324798141705113,0.4780792027813322,['keyword:agent'],['cluster:1'],keyword_to_topic
['keyword:selection'],['cluster:1'],0.00297522314173563,0.2716203715278646,0.0028252118908918167,0.9495798319327731,3.4959816400787114,1.0,0.0020170806757552843,14.446195964697338,0.7160878289402145,0.010395584176632932,0.9307776246117847,0.47999057870570905,['keyword:selection'],['cluster:1'],keyword_to_topic
['keyword:graphene'],['cluster:4'],0.005750431282346176,0.28424631847388554,0.005700427532064905,0.991304347826087,3.487483507784326,1.0,0.00406588861042094,82.31167337550364,0.7173855691861232,0.02005100694749802,0.9878510549112758,0.5056794410429581,['keyword:graphene'],['cluster:4'],keyword_to_topic
['keyword:posterior'],['cluster:1'],0.0018751406355476661,0.2716203715278646,0.001775133134985124,0.9466666666666667,3.4852565046637207,1.0,0.0012658067388906706,13.657118033852536,0.7144167041223343,0.006532940743467059,0.9267781095893547,0.4766010063819342,['keyword:posterior'],['cluster:1'],keyword_to_topic
['keyword:decoding'],['cluster:1'],0.002225166887516564,0.2716203715278646,0.002100157511813386,0.9438202247191011,3.474777018417699,1.0,0.001495756855114635,12.965157386804004,0.7138000735023889,0.007728401876897597,0.9228701997078876,0.47577609174099383,['keyword:decoding'],['cluster:1'],keyword_to_topic
['keyword:magnetization'],['cluster:4'],0.0016751256344225817,0.28424631847388554,0.0016501237592819462,0.9850746268656717,3.465566879298643,1.0,0.0011739754647160955,47.95549666224989,0.7126406817992094,0.005804749340369394,0.9791473330566671,0.4954399433914954,['keyword:magnetization'],['cluster:4'],keyword_to_topic
['keyword:resonator'],['cluster:4'],0.0014751106332974973,0.28424631847388554,0.0014501087581568618,0.9830508474576272,3.458447070609791,1.0,0.0010308139913003664,42.229467210040866,0.7119030186444161,0.005101143359718559,0.9763198527931645,0.49407621975309013,['keyword:resonator'],['cluster:4'],keyword_to_topic
['keyword:quantum_discord'],['cluster:4'],0.001375103132734955,0.28424631847388554,0.0013501012575943196,0.9818181818181818,3.4541104598629446,1.0,0.0009592332545925019,39.366452483936285,0.7114682029683782,0.00474934036939314,0.9745976602690308,0.49328396996617596,['keyword:quantum_discord'],['cluster:4'],keyword_to_topic
['keyword:kondo'],['cluster:4'],0.0013250993824536841,0.28424631847388554,0.0013000975073130484,0.981132075471698,3.451696685956681,1.0,0.0009234428862385695,37.93494512088385,0.7112298564143649,0.00457343887423043,0.9736390814112582,0.49285295830933834,['keyword:kondo'],['cluster:4'],keyword_to_topic
['keyword:bath'],['cluster:4'],0.0012500937570317774,0.28424631847388554,0.001225091881891142,0.9800000000000001,3.447713959011347,1.0,0.0008697573337076712,35.787684076305894,0.710841354590751,0.004309586631486367,0.9720574262959341,0.4921549828480957,['keyword:bath'],['cluster:4'],keyword_to_topic
['keyword:cooperation'],['cluster:1'],0.0011750881316098707,0.2716203715278646,0.001100082506187964,0.9361702127659574,3.44661266568483,1.0,0.0007809046313021066,11.411280846063438,0.7106951871657753,0.004048955553510628,0.9123674183915148,0.4701101432018299,['keyword:cooperation'],['cluster:1'],keyword_to_topic
['keyword:atom'],['cluster:4'],0.0036752756456734253,0.28424631847388554,0.003600270020251519,0.979591836734694,3.44627800984058,1.0,0.002555586448592115,35.07193039477976,0.7124503345880385,0.012662680267323251,0.9714871696897286,0.49612892918624046,['keyword:atom'],['cluster:4'],keyword_to_topic
['keyword:squeezing'],['cluster:4'],0.001225091881891142,0.28424631847388554,0.0012000900067505062,0.9795918367346937,3.4462780098405794,1.0,0.000851862149530705,35.07193039477938,0.7107025591602416,0.004221635883905014,0.9714871696897283,0.4919069219736447,['keyword:squeezing'],['cluster:4'],keyword_to_topic
['keyword:ultracold'],['cluster:4'],0.0012000900067505062,0.28424631847388554,0.0011750881316098707,0.9791666666666667,3.4447822294543644,1.0,0.0008339669653537388,34.35617671325362,0.7105586218172851,0.004133685136323659,0.9708931523915981,0.49165035769783333,['keyword:ultracold'],['cluster:4'],keyword_to_topic
['keyword:quantum_key'],['cluster:4'],0.0011500862564692352,0.28424631847388554,0.0011250843813285997,0.9782608695652174,3.4415955668924267,1.0,0.0007981765969998066,32.92466935020129,0.7102539499776115,0.00395778364116095,0.969627637278189,0.49110950066351294,['keyword:quantum_key'],['cluster:4'],keyword_to_topic
['keyword:network_coding'],['cluster:1'],0.0011500862564692352,0.2716203715278646,0.0010750806310473285,0.9347826086956521,3.4415040500736374,1.0,0.0007626937747760639,11.16848763657273,0.7102462144033417,0.0039569338363853864,0.9104623622695911,0.4693703176026125,['keyword:network_coding'],['cluster:1'],keyword_to_topic
['keyword:tunneling'],['cluster:4'],0.0022501687626571994,0.28424631847388554,0.002200165012375928,0.9777777777777776,3.4398960135260594,1.0,0.0015605628256456809,32.20891566867495,0.7108931675235832,0.007738985137630813,0.9689526958843709,0.4927590621671015,['keyword:tunneling'],['cluster:4'],keyword_to_topic
['keyword:photonic_crystal'],['cluster:4'],0.0011250843813285997,0.28424631847388554,0.001100082506187964,0.9777777777777776,3.4398960135260594,1.0,0.0007802814128228404,32.20891566867495,0.7100924518513125,0.0038698328935795954,0.9689526958843709,0.49082397552799517,['keyword:photonic_crystal'],['cluster:4'],keyword_to_topic
['keyword:distributed'],['cluster:1'],0.0018751406355476661,0.2716203715278646,0.0017501312598444884,0.9333333333333333,3.436168384879725,1.0,0.0012408048637500351,10.925694427082032,0.710310104704173,0.006440334897414665,0.9084726369866932,0.46988831615120275,['keyword:distributed'],['cluster:1'],keyword_to_topic
['keyword:plasmonic'],['cluster:4'],0.001050078755906693,0.28424631847388554,0.0010250768807660575,0.9761904761904763,3.434311766750856,1.0,0.0007265958602919421,30.061654624096917,0.7095659446145206,0.003605980650835533,0.9667350313046835,0.4898983870089509,['keyword:plasmonic'],['cluster:4'],keyword_to_topic
['keyword:phonon'],['cluster:4'],0.002050153761532115,0.28424631847388554,0.002000150011250844,0.9756097560975611,3.4322687496379762,1.0,0.0014174013522299522,29.345900942570804,0.7101033446072907,0.007035441034209834,0.9659236906047975,0.49132321739261026,['keyword:phonon'],['cluster:4'],keyword_to_topic
['keyword:covariance'],['cluster:1'],0.0025751931394854613,0.2716203715278646,0.0024001800135010124,0.9320388349514562,3.4314025480074917,1.0,0.0017007050961979633,10.717585961804264,0.7104034023495597,0.008830834329868456,0.9066954066369203,0.470437679625949,['keyword:covariance'],['cluster:1'],keyword_to_topic
['keyword:tests'],['cluster:1'],0.001825136885266395,0.2716203715278646,0.0017001275095632172,0.9315068493150686,3.4294439849093146,1.0,0.0012043831506979494,10.634342575693186,0.7097028471743372,0.006256325328917103,0.9059650380000275,0.46888302701394075,['keyword:tests'],['cluster:1'],keyword_to_topic
['keyword:sampling'],['cluster:1'],0.003975298147361052,0.2716203715278646,0.0037002775208140612,0.9308176100628932,3.4269064754865184,1.0,0.0026205055610938202,10.52839644791543,0.7110181369682349,0.013609195402298853,0.9050187742314744,0.47222029251303715,['keyword:sampling'],['cluster:1'],keyword_to_topic
['keyword:classes'],['cluster:3'],0.0017001275095632172,0.18461384603845288,0.0010750806310473285,0.6323529411764706,3.4252736441272065,1.0,0.0007612135527510864,2.217850338775408,0.7092583521797702,0.005803752193278445,0.5491129484633518,0.31908817156331654,['keyword:classes'],['cluster:3'],keyword_to_topic
['keyword:electronic'],['cluster:4'],0.0018501387604070306,0.28424631847388554,0.0018001350101257594,0.9729729729729729,3.422992347611927,1.0,0.0012742398788142227,26.48288621646618,0.7091700133868809,0.00633189693078885,0.9622397652647755,0.4896529918959332,['keyword:electronic'],['cluster:4'],keyword_to_topic
['keyword:group'],['cluster:3'],0.005225391904392829,0.18461384603845288,0.0033002475185638924,0.6315789473684211,3.421081142726807,1.0,0.0023355678220357366,2.2131909893242,0.7114121510673235,0.017691998391636512,0.5481637125653801,0.32472771853794835,['keyword:group'],['cluster:3'],keyword_to_topic
['keyword:privacy'],['cluster:1'],0.0014001050078755906,0.2716203715278646,0.0013000975073130484,0.9285714285714286,3.4186369135282977,1.0,0.0009198004648958568,10.197314798609899,0.7084776969106354,0.00478468899521531,0.9019349682000285,0.46667893961708395,['keyword:privacy'],['cluster:1'],keyword_to_topic
['keyword:testing'],['cluster:1'],0.0014001050078755906,0.2716203715278646,0.0013000975073130484,0.9285714285714286,3.4186369135282977,1.0,0.0009198004648958568,10.197314798609899,0.7084776969106354,0.00478468899521531,0.9019349682000285,0.46667893961708395,['keyword:testing'],['cluster:1'],keyword_to_topic
['keyword:action'],['cluster:3'],0.002100157511813386,0.18461384603845288,0.0013250993824536841,0.630952380952381,3.4176872130217206,1.0,0.0009373812269112674,2.2094334494441927,0.7088932579303381,0.007147673634524613,0.5473952835051171,0.31906503121291857,['keyword:action'],['cluster:3'],keyword_to_topic
['keyword:agents'],['cluster:1'],0.0017001275095632172,0.2716203715278646,0.0015751181338600395,0.9264705882352942,3.4109024408732562,1.0,0.0011133288680677353,9.905962947221045,0.7080261909333512,0.005796301407673198,0.8990507025588529,0.46613477865372954,['keyword:agents'],['cluster:1'],keyword_to_topic
['keyword:node'],['cluster:1'],0.0017001275095632172,0.2716203715278646,0.0015751181338600395,0.9264705882352942,3.4109024408732562,1.0,0.0011133288680677353,9.905962947221045,0.7080261909333512,0.005796301407673198,0.8990507025588529,0.46613477865372954,['keyword:node'],['cluster:1'],keyword_to_topic
['keyword:superconducting'],['cluster:4'],0.00320024001800135,0.28424631847388554,0.003100232517438808,0.9687500000000001,3.408135609992084,1.0,0.0021905760740891234,22.904117808835746,0.7088529450078038,0.010903015914886134,0.9563397285873969,0.48982842598293613,['keyword:superconducting'],['cluster:4'],keyword_to_topic
['keyword:maps'],['cluster:3'],0.0024251818886416483,0.18461384603845288,0.0015251143835787685,0.6288659793814433,3.4063857769934436,1.0,0.0010773922277738349,2.197012692618613,0.7081511154936522,0.00822102425876011,0.5448364939539321,0.31856354223676714,['keyword:maps'],['cluster:3'],keyword_to_topic
['keyword:prior'],['cluster:1'],0.0013000975073130484,0.2716203715278646,0.0012000900067505062,0.923076923076923,3.398408292738189,1.0,0.0008469570387916853,9.468935170137751,0.7066633287436892,0.004416635995583364,0.8943915042154154,0.46374759261357196,['keyword:prior'],['cluster:1'],keyword_to_topic
['keyword:adaptive'],['cluster:1'],0.001925144385828937,0.2716203715278646,0.001775133134985124,0.9220779220779222,3.3947303616854425,1.0,0.0012522247016614851,9.347538565392414,0.7067864602444325,0.006531738730450782,0.8930199653091222,0.46430663408756195,['keyword:adaptive'],['cluster:1'],keyword_to_topic
['keyword:qubit'],['cluster:4'],0.004950371277845839,0.28424631847388554,0.004775358151861389,0.9646464646464645,3.393699062931185,1.0,0.0033682333410548454,20.245604134595744,0.7088453247200691,0.016789732770745424,0.9506065616342267,0.4907232675066257,['keyword:qubit'],['cluster:4'],keyword_to_topic
['keyword:dots'],['cluster:4'],0.0013000975073130484,0.28424631847388554,0.0012500937570317774,0.9615384615384616,3.3827648734412743,1.0,0.0008805458269209678,18.60959571967899,0.7053007885843033,0.0043971506463811455,0.9462642813383346,0.48296819285912435,['keyword:dots'],['cluster:4'],keyword_to_topic
['keyword:dot'],['cluster:4'],0.0019501462609695728,0.28424631847388554,0.0018751406355476661,0.9615384615384615,3.382764873441274,1.0,0.001320818740381452,18.609595719678936,0.705760164332774,0.006595145972564193,0.9462642813383346,0.48406767390407107,['keyword:dot'],['cluster:4'],keyword_to_topic
['keyword:performance'],['cluster:1'],0.001225091881891142,0.2716203715278646,0.0011250843813285997,0.9183673469387755,3.3810694749180965,1.0,0.000792324469213557,8.92265044878366,0.7050994070068868,0.004140596245859404,0.8879256779428898,0.4612547338523038,['keyword:performance'],['cluster:1'],keyword_to_topic
['keyword:superconductivity'],['cluster:4'],0.0018501387604070306,0.28424631847388554,0.001775133134985124,0.9594594594594594,3.375450787228428,1.0,0.0012492380036735872,17.655257477644145,0.7050477097991098,0.006243404854027436,0.9433596478971635,0.48285225589737857,['keyword:superconductivity'],['cluster:4'],keyword_to_topic
['keyword:polynomial'],['cluster:3'],0.0022501687626571994,0.18461384603845288,0.0014001050078755906,0.6222222222222221,3.370398459130853,1.0,0.0009846926983658583,2.158375113427624,0.7048852868633858,0.007549204637368563,0.536688505265453,0.3149030937763332,['keyword:polynomial'],['cluster:3'],keyword_to_topic
['keyword:spin_orbit'],['cluster:4'],0.0011750881316098707,0.28424631847388554,0.0011250843813285997,0.9574468085106383,3.368370129298971,1.0,0.0007910699060361373,16.82021151586371,0.7039477124183007,0.00395743558174303,0.9405477155232639,0.4807024701362234,['keyword:spin_orbit'],['cluster:4'],keyword_to_topic
['keyword:teleportation'],['cluster:4'],0.0011750881316098707,0.28424631847388554,0.0011250843813285997,0.9574468085106383,3.368370129298971,1.0,0.0007910699060361373,16.82021151586371,0.7039477124183007,0.00395743558174303,0.9405477155232639,0.4807024701362234,['keyword:teleportation'],['cluster:4'],keyword_to_topic
['keyword:decoherence'],['cluster:4'],0.002325174388079106,0.28424631847388554,0.002225166887516564,0.956989247311828,3.3667603944701545,1.0,0.0015642446278953085,16.641273095482177,0.7046169233125794,0.007825551745361823,0.9399084436471701,0.48240877617592454,['keyword:decoherence'],['cluster:4'],keyword_to_topic
['keyword:discord'],['cluster:4'],0.0016751256344225817,0.28424631847388554,0.001600120009000675,0.9552238805970149,3.3605497011380776,1.0,0.0011239717144348243,15.985165554083217,0.7036082675932882,0.005627857896588111,0.9374419991700015,0.4804266117735712,['keyword:discord'],['cluster:4'],keyword_to_topic
['keyword:cost'],['cluster:1'],0.0014251068830162263,0.2716203715278646,0.0013000975073130484,0.9122807017543858,3.3586608273260463,1.0,0.0009130094462812639,8.303527764582327,0.7032645121528446,0.0047842487809366075,0.8795692591930173,0.45853357620856255,['keyword:cost'],['cluster:1'],keyword_to_topic
['keyword:films'],['cluster:4'],0.002200165012375928,0.28424631847388554,0.002100157511813386,0.9545454545454546,3.358162947088974,1.0,0.0014747687070104775,15.746580993574533,0.7037665450805344,0.0073859140068583485,0.9364941506725775,0.4809669835837485,['keyword:films'],['cluster:4'],keyword_to_topic
['keyword:cavity'],['cluster:4'],0.006000450033752531,0.28424631847388554,0.005725429407205541,0.9541666666666667,3.356830342744891,1.0,0.004019823575924881,15.61644396056979,0.7063382757676464,0.020123022847100176,0.9359649352615155,0.4871545797050459,['keyword:cavity'],['cluster:4'],keyword_to_topic
['keyword:trap'],['cluster:4'],0.002150161262094657,0.28424631847388554,0.002050153761532115,0.9534883720930234,3.354444051245022,1.0,0.0014389783386565456,15.388704152811508,0.7034004318144458,0.0072100589114569595,0.9350172704556607,0.48035048387393714,['keyword:trap'],['cluster:4'],keyword_to_topic
['keyword:nmr'],['cluster:4'],0.0010750806310473285,0.28424631847388554,0.0010250768807660575,0.9534883720930234,3.354444051245022,1.0,0.0007194891693282728,15.388704152811508,0.7026434057702944,0.0036056635300325394,0.9350172704556607,0.47854733496022445,['keyword:nmr'],['cluster:4'],keyword_to_topic
['keyword:brain'],['cluster:1'],0.0011250843813285997,0.2716203715278646,0.0010250768807660575,0.9111111111111111,3.354354851906398,1.0,0.0007194810431093855,8.194270820311521,0.7026706437969465,0.0037725432462274574,0.8779635159822577,0.4574425216822124,['keyword:brain'],['cluster:1'],keyword_to_topic
['keyword:single_photon'],['cluster:4'],0.001600120009000675,0.28424631847388554,0.0015251143835787685,0.9531250000000001,3.3531656807986634,1.0,0.0010702861619039262,15.269411872557146,0.702899077265896,0.005364052057685544,0.9345095928810955,0.4792452337496702,['keyword:single_photon'],['cluster:4'],keyword_to_topic
['keyword:jets'],['cluster:2'],0.002100157511813386,0.15988699152436434,0.0011250843813285997,0.5357142857142857,3.3505808109013735,1.0,0.0007892965150374628,1.809474172101369,0.7030207367691396,0.006994093876282251,0.44735326128546765,0.271375516586619,['keyword:jets'],['cluster:2'],keyword_to_topic
['keyword:disorder'],['cluster:4'],0.002100157511813386,0.28424631847388554,0.002000150011250844,0.9523809523809524,3.350548065122786,1.0,0.0014031879703026132,15.030827312048423,0.7030178137448951,0.007034203816055572,0.9334700626093667,0.47970881553430594,['keyword:disorder'],['cluster:4'],keyword_to_topic
['keyword:raman'],['cluster:4'],0.0015251143835787685,0.28424631847388554,0.0014501087581568618,0.9508196721311475,3.345055363376683,1.0,0.0010166006093730276,14.553658191030978,0.702122102260168,0.005100246218782976,0.931288753186723,0.4779606320898503,['keyword:raman'],['cluster:4'],keyword_to_topic
['keyword:network'],['cluster:1'],0.008050603795284647,0.2716203715278646,0.00730054754106558,0.9068322981366458,3.3386019356196077,1.0,0.005113839547166727,7.817941345600905,0.7061584276354973,0.02680374518083348,0.8720890889565587,0.46685502977524485,['keyword:network'],['cluster:1'],keyword_to_topic
['keyword:gate'],['cluster:4'],0.002375178138360377,0.28424631847388554,0.0022501687626571994,0.9473684210526316,3.3329136016221397,1.0,0.0015750331211086051,13.599319948996191,0.701628712568014,0.007912783541410236,0.9264669113050897,0.47764234228812424,['keyword:gate'],['cluster:4'],keyword_to_topic
['keyword:decision'],['cluster:1'],0.0015751181338600395,0.2716203715278646,0.0014251068830162263,0.9047619047619048,3.3309795567711618,1.0,0.0009972727102968855,7.647986098957421,0.7008919981126753,0.0052437902483900645,0.8692466242667047,0.45500429553264604,['keyword:decision'],['cluster:1'],keyword_to_topic
['keyword:algorithms'],['cluster:1'],0.0035752681451108833,0.2716203715278646,0.0032252418931419855,0.9020979020979021,3.3211717406305032,1.0,0.002254126231255228,7.439877633679667,0.7014091744946573,0.011858797573083286,0.8655891871832557,0.45698599081331037,['keyword:algorithms'],['cluster:1'],keyword_to_topic
['keyword:photonic'],['cluster:4'],0.0021251593869540215,0.28424631847388554,0.002000150011250844,0.9411764705882354,3.3111298525919297,1.0,0.0013960812793389439,12.167812585943967,0.699474782020445,0.007033585370142432,0.9178159596939237,0.4741065746379474,['keyword:photonic'],['cluster:4'],keyword_to_topic
['keyword:nodes'],['cluster:1'],0.0024751856389229193,0.2716203715278646,0.002225166887516564,0.898989898989899,3.309729288466402,1.0,0.0015528560446718856,7.210958321874141,0.6995921059375565,0.008184660658451352,0.8613221772525654,0.4535910466967168,['keyword:nodes'],['cluster:1'],keyword_to_topic
['keyword:graphical'],['cluster:1'],0.0014751106332974973,0.2716203715278646,0.0013250993824536841,0.8983050847457628,3.3072080701929556,1.0,0.0009244292841927142,7.162399679976001,0.6986607543579341,0.004875804967801288,0.8603819886237694,0.45159179126831583,['keyword:graphical'],['cluster:1'],keyword_to_topic
['keyword:doped'],['cluster:4'],0.0012500937570317774,0.28424631847388554,0.0011750881316098707,0.94,3.3069909402761897,1.0,0.0008197535834264,11.929228025435231,0.6984834693202535,0.004132958142806894,0.9161722788878021,0.47206702436449993,['keyword:doped'],['cluster:4'],keyword_to_topic
['keyword:squeezed'],['cluster:4'],0.0012500937570317774,0.28424631847388554,0.0011750881316098707,0.94,3.3069909402761897,1.0,0.0008197535834264,11.929228025435231,0.6984834693202535,0.004132958142806894,0.9161722788878021,0.47206702436449993,['keyword:squeezed'],['cluster:4'],keyword_to_topic
['keyword:entanglement'],['cluster:4'],0.011650873815536165,0.28424631847388554,0.01095082131159837,0.9399141630901288,3.30668895954929,1.0,0.007639103322528424,11.912186271113193,0.7058059399426311,0.038431166096341146,0.9160523536787717,0.48921998945253203,['keyword:entanglement'],['cluster:4'],keyword_to_topic
['keyword:functions'],['cluster:3'],0.0034502587694077054,0.18461384603845288,0.002100157511813386,0.6086956521739131,3.297128927410618,1.0,0.00146319197056513,2.0837646156795095,0.6991179622454868,0.0112933584296854,0.5200993468862111,0.3100358000847897,['keyword:functions'],['cluster:3'],keyword_to_topic
['keyword:coding'],['cluster:1'],0.0026251968897667323,0.2716203715278646,0.0023501762632197414,0.8952380952380953,3.295916614068308,1.0,0.0016371193086875068,6.95271463541584,0.6984277762725315,0.008643678160919538,0.8561712866933753,0.45194526264113893,['keyword:coding'],['cluster:1'],keyword_to_topic
['keyword:neural'],['cluster:1'],0.0014251068830162263,0.2716203715278646,0.001275095632172413,0.894736842105263,3.294071196031315,1.0,0.0008880075711406284,6.919606470485279,0.6974181861026834,0.004691812327506899,0.8554831110316207,0.4497156228199364,['keyword:neural'],['cluster:1'],keyword_to_topic
['keyword:vibrational'],['cluster:4'],0.0011750881316098707,0.28424631847388554,0.001100082506187964,0.9361702127659574,3.2935174597589936,1.0,0.0007660680308955016,11.21347434390911,0.6971925133689839,0.003869152303904326,0.9108215732848957,0.47002019302208503,['keyword:vibrational'],['cluster:4'],keyword_to_topic
['keyword:atoms'],['cluster:4'],0.0034752606445483413,0.28424631847388554,0.003250243768282621,0.9352517985611509,3.2902864092752533,1.0,0.0022624137243325727,11.054417970236631,0.6985025687343919,0.011425558094568466,0.9095384304544624,0.47334320071429875,['keyword:atoms'],['cluster:4'],keyword_to_topic
['keyword:hubbard'],['cluster:4'],0.0011500862564692352,0.28424631847388554,0.0010750806310473285,0.9347826086956521,3.2886357639194297,1.0,0.0007481728467185354,10.97488978340041,0.6967238355357405,0.003781217024270137,0.9088829118345675,0.4692824117451345,['keyword:hubbard'],['cluster:4'],keyword_to_topic
['keyword:black_hole'],['cluster:2'],0.002100157511813386,0.15988699152436434,0.001100082506187964,0.5238095238095237,3.276123459548009,1.0,0.000764294639896827,1.7642373177988344,0.6962233767535297,0.006837606837606836,0.43318283208765906,0.2653449495513608,['keyword:black_hole'],['cluster:2'],keyword_to_topic
['keyword:evolution'],['cluster:2'],0.002150161262094657,0.15988699152436434,0.0011250843813285997,0.5232558139534884,3.2726603269269234,1.0,0.0007813015658400548,1.7621882616806017,0.6959345655193918,0.006991920447482909,0.43252374235752855,0.26514628070622037,['keyword:evolution'],['cluster:2'],keyword_to_topic
['keyword:superconductor'],['cluster:4'],0.0010750806310473285,0.28424631847388554,0.001000075005625422,0.930232558139535,3.2726283426780705,1.0,0.0006944872941876373,10.259136101874322,0.6951825849727187,0.00351741118536757,0.902525905683491,0.46687544874168235,['keyword:superconductor'],['cluster:4'],keyword_to_topic
['keyword:machine'],['cluster:1'],0.0011250843813285997,0.2716203715278646,0.001000075005625422,0.888888888888889,3.2725413189330714,1.0,0.00069447916796875,6.555416656249221,0.6952092511013215,0.003680191369951238,0.8474543949778223,0.4462853870070365,['keyword:machine'],['cluster:1'],keyword_to_topic
['keyword:molecule'],['cluster:4'],0.002100157511813386,0.28424631847388554,0.0019501462609695728,0.9285714285714286,3.2667843634947165,1.0,0.0013531842200213422,10.020551541365608,0.6953489223676883,0.006857142857142858,0.9002050939140502,0.46771609514594825,['keyword:molecule'],['cluster:4'],keyword_to_topic
['keyword:sensing'],['cluster:1'],0.0019501462609695728,0.2716203715278646,0.0017251293847038527,0.8846153846153845,3.256807947207431,1.0,0.0011954299327656213,6.312623446758498,0.6943048804263415,0.0063459946656856435,0.8415872563231228,0.4454833182281635,['keyword:sensing'],['cluster:1'],keyword_to_topic
['keyword:networks'],['cluster:1'],0.006700502537690327,0.2716203715278646,0.005925444408330625,0.8843283582089552,3.255751228210933,1.0,0.004105451419619779,6.296959368726844,0.6975249934338901,0.021753097751262045,0.8411931947716877,0.4530717637878355,['keyword:networks'],['cluster:1'],keyword_to_topic
['keyword:gates'],['cluster:4'],0.0013000975073130484,0.28424631847388554,0.0012000900067505062,0.923076923076923,3.247454278503623,1.0,0.0008305420766396966,9.304797859839482,0.6929674135269328,0.0042205222896333425,0.8925285626766692,0.46364946514475935,['keyword:gates'],['cluster:4'],keyword_to_topic
['keyword:qubits'],['cluster:4'],0.002800210015751181,0.28424631847388554,0.0025751931394854613,0.9196428571428571,3.2353729753841898,1.0,0.001779243751554487,8.907156925658308,0.6928567690362218,0.009052557567235013,0.8877307306533062,0.4643512904766093,['keyword:qubits'],['cluster:4'],keyword_to_topic
['keyword:finite'],['cluster:3'],0.0018001350101257594,0.18461384603845288,0.0010750806310473285,0.5972222222222222,3.2349806638979173,1.0,0.0007427507834395428,2.0244070029390135,0.6921250600690249,0.0058006205314987186,0.506028185760961,0.30152281208619236,['keyword:finite'],['cluster:3'],keyword_to_topic
['keyword:mixture'],['cluster:1'],0.0018501387604070306,0.2716203715278646,0.0016251218841413105,0.8783783783783783,3.2338457290132543,1.0,0.0011225865066614498,5.988899167437553,0.6920510444143436,0.005978110916950243,0.8330244053135618,0.4421807208534012,['keyword:mixture'],['cluster:1'],keyword_to_topic
['keyword:adiabatic'],['cluster:4'],0.0018001350101257594,0.28424631847388554,0.0016501237592819462,0.9166666666666667,3.2249025126806816,1.0,0.0011384420098977483,8.589044178313381,0.6911572835430068,0.0058021978021978015,0.8835726095663919,0.4612359632919929,['keyword:adiabatic'],['cluster:4'],keyword_to_topic
['keyword:ferromagnetic'],['cluster:4'],0.0015001125084381328,0.28424631847388554,0.001375103132734955,0.9166666666666667,3.2249025126806816,1.0,0.0009487016749147903,8.589044178313381,0.6909496092709655,0.004835589941972921,0.8835726095663919,0.4607521916322163,['keyword:ferromagnetic'],['cluster:4'],keyword_to_topic
['keyword:entangled'],['cluster:4'],0.0029002175163137236,0.28424631847388554,0.0026501987649073682,0.9137931034482759,3.214793100415225,1.0,0.001825822613121716,8.302742705702933,0.6909418728263754,0.009315405571667107,0.8795578719652329,0.46155835135471235,['keyword:entangled'],['cluster:4'],keyword_to_topic
['keyword:algorithm'],['cluster:1'],0.006100457534315074,0.2716203715278646,0.005325399404955372,0.8729508196721312,3.2138635801202344,1.0,0.003668390862994751,5.733052559587131,0.6930761064597363,0.01955025240936209,0.8255728532738211,0.44627842898186826,['keyword:algorithm'],['cluster:1'],keyword_to_topic
['keyword:programming'],['cluster:1'],0.0011750881316098707,0.2716203715278646,0.0010250768807660575,0.8723404255319149,3.2116163475699557,1.0,0.0007058990058802001,5.705640423031729,0.6894404591104734,0.003771849126034959,0.8247348367830296,0.4380571788926143,['keyword:programming'],['cluster:1'],keyword_to_topic
['keyword:theory'],['cluster:3'],0.003550266269970248,0.18461384603845288,0.002100157511813386,0.5915492957746479,3.204252056215952,1.0,0.0014447292012535863,1.996290239009305,0.6903656707947261,0.011287288363343188,0.49907083626463655,0.3014626218851571,['keyword:theory'],['cluster:3'],keyword_to_topic
['keyword:silicon'],['cluster:4'],0.0014001050078755906,0.28424631847388554,0.001275095632172413,0.9107142857142857,3.203961587273664,1.0,0.0008771209382069258,8.01644123309248,0.688850858938503,0.004483910673465799,0.8752563673925625,0.4576000841888343,['keyword:silicon'],['cluster:4'],keyword_to_topic
['keyword:single'],['cluster:4'],0.0016751256344225817,0.28424631847388554,0.0015251143835787685,0.9104477611940299,3.2030239338972306,1.0,0.0010489660890129178,7.992582777041619,0.6889491035541707,0.005362637362637364,0.8748839983400032,0.4579066143466851,['keyword:single'],['cluster:4'],keyword_to_topic
['keyword:representation'],['cluster:3'],0.0017001275095632172,0.18461384603845288,0.001000075005625422,0.5882352941176471,3.1863010643043785,1.0,0.0006862079273291799,1.9802235167637574,0.687325001878334,0.005396654074473827,0.4950065022789541,0.2968262061054108,['keyword:representation'],['cluster:3'],keyword_to_topic
['keyword:crystal'],['cluster:4'],0.0015751181338600395,0.28424631847388554,0.0014251068830162263,0.9047619047619048,3.183020661866647,1.0,0.0009773853523050533,7.515413656024203,0.6869149886786883,0.005010989010989011,0.8669401252187334,0.45488776916343104,['keyword:crystal'],['cluster:4'],keyword_to_topic
['keyword:logic'],['cluster:3'],0.0027252043903292747,0.18461384603845288,0.001600120009000675,0.5871559633027523,3.1804546403331777,1.0,0.0010970095452611105,1.97504646181797,0.6874529933814681,0.008614887602638309,0.4936827971735254,0.2979116761259157,['keyword:logic'],['cluster:3'],keyword_to_topic
['keyword:treatment'],['cluster:1'],0.001825136885266395,0.2716203715278646,0.0015751181338600395,0.863013698630137,3.1772789860189237,1.0,0.0010793737749947717,5.317171287846588,0.6865182736087455,0.005793636196431855,0.8119300760000547,0.43440633385115096,['keyword:treatment'],['cluster:1'],keyword_to_topic
['keyword:fidelity'],['cluster:4'],0.0015001125084381328,0.28424631847388554,0.0013501012575943196,0.9,3.1662679215410328,1.0,0.0009236997997741548,7.157536815261147,0.6851986322903018,0.004747252747252748,0.8602871314796702,0.45237487905708507,['keyword:fidelity'],['cluster:4'],keyword_to_topic
['keyword:markovian'],['cluster:4'],0.0014751106332974973,0.28424631847388554,0.0013250993824536841,0.8983050847457628,3.160305081764119,1.0,0.0009058046155971887,7.038244535006796,0.6845846911769848,0.00465934065934066,0.8579191167589868,0.45148344218816855,['keyword:markovian'],['cluster:4'],keyword_to_topic
['keyword:cavities'],['cluster:4'],0.001225091881891142,0.28424631847388554,0.001100082506187964,0.8979591836734693,3.159088175687198,1.0,0.0007518546489681628,7.014386078955915,0.6842912832136323,0.0038684719535783366,0.857435848448643,0.450914678475841,['keyword:cavities'],['cluster:4'],keyword_to_topic
['keyword:molecules'],['cluster:4'],0.003050228767157537,0.28424631847388554,0.0027252043903292747,0.8934426229508197,3.1431985742074002,1.0,0.0018581880927616063,6.717073011245074,0.683938914612752,0.009576524336671936,0.8511256319045667,0.45151504883137783,['keyword:molecules'],['cluster:4'],keyword_to_topic
['keyword:clustering'],['cluster:1'],0.00410030752306423,0.2716203715278646,0.003500262519688977,0.8536585365853658,3.1428369373899923,1.0,0.0023865354668957724,4.977260794559591,0.6846233022870484,0.012858192505510653,0.7990862763122535,0.43327256726175506,['keyword:clustering'],['cluster:1'],keyword_to_topic
['keyword:dielectric'],['cluster:4'],0.0016251218841413105,0.28424631847388554,0.0014501087581568618,0.8923076923076924,3.139205802553503,1.0,0.00098817384551835,6.6462841855996375,0.6825573302199948,0.00509845288326301,0.8495399877473371,0.4487046421781227,['keyword:dielectric'],['cluster:4'],keyword_to_topic
['keyword:designs'],['cluster:1'],0.0015251143835787685,0.2716203715278646,0.0013000975073130484,0.8524590163934425,3.138420773075158,1.0,0.0008858453718228931,4.936795259644468,0.6824091623520709,0.004782488733560194,0.7974394425115339,0.4286227335280909,['keyword:designs'],['cluster:1'],keyword_to_topic
['keyword:block'],['cluster:1'],0.0013501012575943196,0.2716203715278646,0.0011500862564692352,0.8518518518518519,3.1361854306441934,1.0,0.0007833712512812288,4.916562492186913,0.6820621559635524,0.004231052244297277,0.7966058599704293,0.4280430098729068,['keyword:block'],['cluster:1'],keyword_to_topic
['keyword:bose'],['cluster:4'],0.001825136885266395,0.28424631847388554,0.0016251218841413105,0.8904109589041096,3.1325329512963034,1.0,0.0011063334437934433,6.531252343925796,0.6820142886869668,0.005713281181330755,0.8468900071010085,0.44806413016891644,['keyword:bose'],['cluster:4'],keyword_to_topic
['keyword:impurity'],['cluster:4'],0.0013501012575943196,0.28424631847388554,0.0012000900067505062,0.8888888888888888,3.1271781941146,1.0,0.0008163286947123578,6.4417831337350275,0.6811425030668702,0.004219780219780219,0.8447634794218558,0.44655544805074227,['keyword:impurity'],['cluster:4'],keyword_to_topic
['keyword:probabilistic'],['cluster:1'],0.0014751106332974973,0.2716203715278646,0.0012500937570317774,0.8474576271186441,3.120007613389581,1.0,0.0008494236587708075,4.774933119984,0.6804917622314587,0.004598546859192495,0.7905729829356541,0.4260299917625621,['keyword:probabilistic'],['cluster:1'],keyword_to_topic
['keyword:gravity'],['cluster:3'],0.0030002250168762656,0.18461384603845288,0.0017251293847038527,0.575,3.1146092903575298,1.0,0.001171246305357543,1.9185556563801107,0.6809755214676434,0.009280430396772022,0.4787745684236347,0.2921722643553629,['keyword:gravity'],['cluster:3'],keyword_to_topic
['keyword:data'],['cluster:1'],0.007275545665924944,0.2716203715278646,0.006150461284596345,0.8453608247422681,3.1122880069234626,1.0,0.004174274867749867,4.710188264119812,0.6836670258104385,0.022550187918232652,0.7876942610516081,0.4340022091310752,['keyword:data'],['cluster:1'],keyword_to_topic
['keyword:product'],['cluster:3'],0.0018751406355476661,0.18461384603845288,0.0010750806310473285,0.5733333333333333,3.1055814373420003,1.0,0.000728903706455885,1.9110612983473756,0.6792728378477566,0.005798274002157497,0.4767305471233352,0.2895783676417479,['keyword:product'],['cluster:3'],keyword_to_topic
['keyword:ground_state'],['cluster:4'],0.0016751256344225817,0.28424631847388554,0.0014751106332974973,0.8805970149253731,3.0980067557366655,1.0,0.0009989623387316466,5.994437082781208,0.6783481261699501,0.005185901379977147,0.8331786644533374,0.442893282728761,['keyword:ground_state'],['cluster:4'],keyword_to_topic
['keyword:magnetic_field'],['cluster:2'],0.0025751931394854613,0.15988699152436434,0.001275095632172413,0.49514563106796117,3.096847506774862,1.0,0.0008633557485058997,1.664069997557509,0.6788391197457576,0.007910656119125174,0.39906374042691634,0.25156030576072025,['keyword:magnetic_field'],['cluster:2'],keyword_to_topic
['keyword:sets'],['cluster:3'],0.001925144385828937,0.18461384603845288,0.001100082506187964,0.5714285714285714,3.095263891038539,1.0,0.0007446741969407487,1.9025676925769432,0.6782314629258517,0.005932317648645004,0.47439452278013583,0.2886937006655316,['keyword:sets'],['cluster:3'],keyword_to_topic
['keyword:superconductors'],['cluster:4'],0.001225091881891142,0.28424631847388554,0.0010750806310473285,0.8775510204081631,3.087290717148852,1.0,0.0007268527738275273,5.845321732463262,0.6769206945773693,0.0037802197802197803,0.8289230181383715,0.44066661760139003,['keyword:superconductors'],['cluster:4'],keyword_to_topic
['keyword:ads'],['cluster:3'],0.002150161262094657,0.18461384603845288,0.001225091881891142,0.5697674418604651,3.086266030890171,1.0,0.0008281423416929534,1.8952218713700826,0.67744046830729,0.0066028837083950956,0.47235729224827594,0.2882017057623019,['keyword:ads'],['cluster:3'],keyword_to_topic
['keyword:complex'],['cluster:3'],0.001975148136110208,0.18461384603845288,0.0011250843813285997,0.569620253164557,3.0854687521428477,1.0,0.0007604446874256126,1.8945737106753597,0.6772377818973341,0.00606632515502831,0.47217677815051623,0.2878572555096891,['keyword:complex'],['cluster:3'],keyword_to_topic
['keyword:mass'],['cluster:0'],0.006025451908893167,0.09963247243543266,0.0018501387604070306,0.3070539419087137,3.081866126605476,1.0,0.001249808089183207,1.2993327792997649,0.6796162673388753,0.017822736030828516,0.2303742228846724,0.16281178902211094,['keyword:mass'],['cluster:0'],keyword_to_topic
['keyword:coherence'],['cluster:4'],0.0014001050078755906,0.28424631847388554,0.001225091881891142,0.8750000000000001,3.07831603483156,1.0,0.0008271171879256548,5.7260294522089215,0.6760936667298552,0.004307313642756681,0.8253589143495879,0.43965498284809573,['keyword:coherence'],['cluster:4'],keyword_to_topic
['keyword:atomic'],['cluster:4'],0.00275020626546991,0.28424631847388554,0.0024001800135010124,0.8727272727272727,3.0703204087670617,1.0,0.001618444007497377,5.6237789262766125,0.6761606747394724,0.00843362909602038,0.8221836218832165,0.440585643576232,['keyword:atomic'],['cluster:4'],keyword_to_topic
['keyword:procedure'],['cluster:1'],0.0013501012575943196,0.2716203715278646,0.0011250843813285997,0.8333333333333334,3.0680074864997544,1.0,0.0007583693761405933,4.370277770832813,0.6749668277295146,0.004138692173273245,0.7711815924667332,0.41873772704958273,['keyword:procedure'],['cluster:1'],keyword_to_topic
['keyword:capacity'],['cluster:1'],0.003250243768282621,0.2716203715278646,0.002700202515188639,0.8307692307692308,3.0585674634643705,1.0,0.0018173700952915871,4.30406144097171,0.6752442612427061,0.009920999448833363,0.7676613092739137,0.4203551603036139,['keyword:capacity'],['cluster:1'],keyword_to_topic
['keyword:quantum'],['cluster:4'],0.020201515113633522,0.28424631847388554,0.017501312598444882,0.8663366336633662,3.0478376582490685,1.0,0.011759106299799996,5.354897913639815,0.6857517597868207,0.060991548314019345,0.8132550767302522,0.4639537860901931,['keyword:quantum'],['cluster:4'],keyword_to_topic
['cluster:4'],['keyword:quantum'],0.28424631847388554,0.020201515113633522,0.017501312598444882,0.06157093851701996,3.0478376582490685,1.0,0.011759106299799996,1.044083698066651,0.9387287171400627,0.060991548314019345,0.04222237943977258,0.4639537860901931,['cluster:4'],['keyword:quantum'],topic_to_keyword
['keyword:sensor'],['cluster:1'],0.002150161262094657,0.2716203715278646,0.001775133134985124,0.8255813953488372,3.039467881974175,1.0,0.001191105534130151,4.176043203240243,0.6724408993108257,0.006526335141097526,0.7605388758372789,0.4160583707230195,['keyword:sensor'],['cluster:1'],keyword_to_topic
['keyword:software'],['cluster:1'],0.0014001050078755906,0.2716203715278646,0.0011500862564692352,0.8214285714285715,3.0241788081211864,1.0,0.0007697892140520436,4.07892591944396,0.6702701702402348,0.004230274048188339,0.7548374205000713,0.4128313696612666,['keyword:software'],['cluster:1'],keyword_to_topic
['keyword:causal'],['cluster:1'],0.0019501462609695728,0.2716203715278646,0.001600120009000675,0.8205128205128205,3.0208073713228347,1.0,0.0010704205570624436,4.058115072916182,0.6702697963375835,0.005883434454863026,0.7535801765026355,0.4132019183565575,['keyword:causal'],['cluster:1'],keyword_to_topic
['keyword:sequential'],['cluster:1'],0.0015251143835787685,0.2716203715278646,0.0012500937570317774,0.8196721311475409,3.017712281803037,1.0,0.0008358416215416221,4.039196121527294,0.6696444310897435,0.004597701149425287,0.7524259852918751,0.4121372437770105,['keyword:sequential'],['cluster:1'],keyword_to_topic
['keyword:conditional'],['cluster:1'],0.001375103132734955,0.2716203715278646,0.0011250843813285997,0.8181818181818182,3.012225532199759,1.0,0.0007515783575260007,4.006087956596746,0.6689394065839912,0.004138311568879896,0.7503799190546181,0.41116196947382516,['keyword:conditional'],['cluster:1'],keyword_to_topic
['keyword:test'],['cluster:1'],0.0027252043903292747,0.2716203715278646,0.002225166887516564,0.81651376146789,3.0060843996162734,1.0,0.0014849458585259585,3.9696689751731395,0.6691649540060485,0.008177140757074606,0.7480898265688807,0.4123529779357123,['keyword:test'],['cluster:1'],keyword_to_topic
['keyword:free'],['cluster:3'],0.0023001725129384704,0.18461384603845288,0.001275095632172413,0.5543478260869565,3.00274241603467,1.0,0.0008504519380069088,1.8296469796210326,0.6685087868000226,0.006868686868686869,0.4534464783981848,0.28062732582787697,['keyword:free'],['cluster:3'],keyword_to_topic
['keyword:crystals'],['cluster:4'],0.0011750881316098707,0.28424631847388554,0.001000075005625422,0.8510638297872342,2.994106781599086,1.0,0.0006660605303329596,4.805774718818201,0.6667941176470589,0.003516174402250352,0.791917004331424,0.42729108456553194,['keyword:crystals'],['cluster:4'],keyword_to_topic
['keyword:condensate'],['cluster:4'],0.0013250993824536841,0.28424631847388554,0.0011250843813285997,0.8490566037735849,2.9870452090009745,1.0,0.0007484297602541208,4.74186814011051,0.666103656229833,0.003955348510152061,0.7891126512900684,0.4265073677676967,['keyword:condensate'],['cluster:4'],keyword_to_topic
['keyword:hierarchical'],['cluster:1'],0.0013250993824536841,0.2716203715278646,0.0010750806310473285,0.8113207547169811,2.9869657793091946,1.0,0.0007151566444739149,3.860412030902316,0.666094741941043,0.003954386610263013,0.7409602933585657,0.407639390613277,['keyword:hierarchical'],['cluster:1'],keyword_to_topic
['keyword:glass'],['cluster:4'],0.0014751106332974973,0.28424631847388554,0.0012500937570317774,0.8474576271186441,2.9814198884567165,1.0,0.000830798990175282,4.692163023337864,0.6655711352596525,0.004394445420987872,0.78687867513848,0.42592777564921563,['keyword:glass'],['cluster:4'],keyword_to_topic
['keyword:photon'],['cluster:4'],0.006875515663674775,0.28424631847388554,0.005825436907768083,0.8472727272727273,2.9807693968446896,1.0,0.003871096892758994,4.6864824385638455,0.6691166698684613,0.020418894049601264,0.7866203462598599,0.43388352697526766,['keyword:photon'],['cluster:4'],keyword_to_topic
['keyword:kernel'],['cluster:1'],0.0026251968897667323,0.2716203715278646,0.0021251593869540215,0.8095238095238095,2.9803501297426185,1.0,0.001412102432421787,3.8239930494787107,0.6662179059932405,0.007809628812936419,0.7384932485334091,0.40867390770741285,['keyword:kernel'],['cluster:1'],keyword_to_topic
['keyword:string'],['cluster:3'],0.003050228767157537,0.18461384603845288,0.0016751256344225817,0.5491803278688524,2.974751567412038,1.0,0.0011120111704205002,1.8086747415147042,0.6658685257100079,0.009006586906842317,0.44710899254194614,0.2791270003374598,['keyword:string'],['cluster:3'],keyword_to_topic
['keyword:classification'],['cluster:1'],0.0021751631372352925,0.2716203715278646,0.0017501312598444884,0.8045977011494254,2.962214124896315,1.0,0.0011593126403749228,3.7275898633574007,0.6638586820345779,0.006433232239683851,0.731730142892032,0.4055205000592488,['keyword:classification'],['cluster:1'],keyword_to_topic
['keyword:change'],['cluster:1'],0.001275095632172413,0.2716203715278646,0.0010250768807660575,0.803921568627451,2.959724869329175,1.0,0.0006787349314218293,3.7147361052078907,0.662976115316653,0.0037704616516461282,0.7308018734902741,0.40384775044038235,['keyword:change'],['cluster:1'],keyword_to_topic
['keyword:hamiltonian'],['cluster:3'],0.0024251818886416483,0.18461384603845288,0.0013250993824536841,0.5463917525773195,2.959646658699221,1.0,0.0008773772266487505,1.7975558394152287,0.663731498557715,0.0071351642434033385,0.443689048165917,0.2767847170253878,['keyword:hamiltonian'],['cluster:3'],keyword_to_topic
['keyword:monte_carlo'],['cluster:1'],0.0015251143835787685,0.2716203715278646,0.001225091881891142,0.8032786885245902,2.9573580361669762,1.0,0.0008108397464009866,3.702596444733355,0.6628713083791209,0.004505332842956969,0.7299192566820455,0.40389449890147033,['keyword:monte_carlo'],['cluster:1'],keyword_to_topic
['keyword:coulomb'],['cluster:4'],0.0017251293847038527,0.28424631847388554,0.0014501087581568618,0.8405797101449276,2.9572228574779373,1.0,0.0009597470816636723,4.489727638663811,0.6629886381693946,0.005096660808435852,0.777269340040054,0.42284065109674035,['keyword:coulomb'],['cluster:4'],keyword_to_topic
['keyword:amplitudes'],['cluster:3'],0.001925144385828937,0.18461384603845288,0.001050078755906693,0.5454545454545455,2.9545700778095147,1.0,0.0006946704466594777,1.7938495387154039,0.6628173012692051,0.005661140315406389,0.4425396453728715,0.27557125972618934,['keyword:amplitudes'],['cluster:3'],keyword_to_topic
['keyword:oscillator'],['cluster:4'],0.0020251518863914795,0.28424631847388554,0.0017001275095632172,0.8395061728395061,2.9534460722193443,1.0,0.0011244855415059947,4.459696015662712,0.6627546524171348,0.005974345457740292,0.775769470276014,0.4227436748620083,['keyword:oscillator'],['cluster:4'],keyword_to_topic
['keyword:missing'],['cluster:1'],0.0012500937570317774,0.2716203715278646,0.001000075005625422,0.8,2.945287187039764,1.0,0.0006605240748957865,3.6418981423606773,0.6613012241219616,0.0036784991723376867,0.7254179109600797,0.40184094256259206,['keyword:missing'],['cluster:1'],keyword_to_topic
['keyword:tensor'],['cluster:3'],0.0025751931394854613,0.18461384603845288,0.0014001050078755906,0.5436893203883495,2.9450083623473478,1.0,0.0009246886981033415,1.7869100820859436,0.6621475481454426,0.007535997846857758,0.44037475079179517,0.2756366428593969,['keyword:tensor'],['cluster:3'],keyword_to_topic
['keyword:spin'],['cluster:4'],0.013100982573693028,0.28424631847388554,0.010925819436457734,0.8339694656488549,2.933967518476317,1.0,0.007201913371494961,4.310976196777975,0.6679149395111255,0.0381459497206704,0.7680339778383836,0.43620366149009726,['keyword:spin'],['cluster:4'],keyword_to_topic
['keyword:filter'],['cluster:1'],0.001600120009000675,0.2716203715278646,0.001275095632172413,0.796875,2.93378215896539,1.0,0.0008404704408384795,3.5858689401705126,0.6601994615490752,0.004688792865679875,0.7211275658188309,0.40078470176730485,['keyword:filter'],['cluster:1'],keyword_to_topic
['keyword:variables'],['cluster:1'],0.0028252118908918167,0.2716203715278646,0.0022501687626571994,0.7964601769911506,2.932254942849323,1.0,0.0014827836592082233,3.578560783363102,0.6608325254348723,0.008266740148801324,0.7205580509770724,0.4023722092614074,['keyword:variables'],['cluster:1'],keyword_to_topic
['keyword:solution'],['cluster:3'],0.0021751631372352925,0.18461384603845288,0.0011750881316098707,0.5402298850574713,2.9262695981370097,1.0,0.0007735228990837962,1.773464884866365,0.6597029486557521,0.006330818965517242,0.43613205508980096,0.2732974994084756,['keyword:solution'],['cluster:3'],keyword_to_topic
['keyword:symmetric'],['cluster:3'],0.002325174388079106,0.18461384603845288,0.0012500937570317774,0.5376344086021505,2.9122106501706684,1.0,0.0008208343705383874,1.7635095888005552,0.6581485565356856,0.006732193348592972,0.4329489295943401,0.2722029031093093,['keyword:symmetric'],['cluster:3'],keyword_to_topic
['keyword:statistical'],['cluster:1'],0.001975148136110208,0.2716203715278646,0.001550116258719404,0.7848101265822786,2.8893640126023006,1.0,0.00101362578816658,3.3848229793705125,0.6551971864903698,0.005698005698005698,0.7045635750836302,0.39525852426315694,['keyword:statistical'],['cluster:1'],keyword_to_topic
['keyword:lattice'],['cluster:0'],0.004525339400455034,0.09963247243543266,0.0013000975073130484,0.287292817679558,2.8835259294176363,1.0,0.0008492267542362349,1.263306375885168,0.6561717554597302,0.012639766650461837,0.20842638089329338,0.15017087559009268,['keyword:lattice'],['cluster:0'],keyword_to_topic
['keyword:markov'],['cluster:1'],0.0021751631372352925,0.2716203715278646,0.0017001275095632172,0.7816091954022989,2.877579435613563,1.0,0.0011093088900936514,3.3352119830039886,0.6539080578360134,0.006248277129467976,0.7001689832322711,0.3939342000575559,['keyword:markov'],['cluster:1'],keyword_to_topic
['keyword:switching'],['cluster:4'],0.001225091881891142,0.28424631847388554,0.001000075005625422,0.8163265306122449,2.8718983415338166,1.0,0.0006518471484056208,3.896881154975513,0.6525977520777011,0.003515556336790298,0.7433845272075577,0.4099224349780373,['keyword:switching'],['cluster:4'],keyword_to_topic
['keyword:mechanical'],['cluster:4'],0.0020251518863914795,0.28424631847388554,0.0016501237592819462,0.8148148148148148,2.866580011271717,1.0,0.0010744817912247237,3.8650698802410175,0.6524736036585922,0.005797610681658469,0.7412724657030929,0.4103100373660669,['keyword:mechanical'],['cluster:4'],keyword_to_topic
['keyword:excitation'],['cluster:4'],0.0013501012575943196,0.28424631847388554,0.001100082506187964,0.8148148148148148,2.866580011271717,1.0,0.0007163211941498156,3.8650698802410175,0.6520325554824715,0.0038667721240882324,0.7412724657030929,0.40934249404651374,['keyword:excitation'],['cluster:4'],keyword_to_topic
['keyword:image'],['cluster:1'],0.0029002175163137236,0.2716203715278646,0.0022501687626571994,0.7758620689655172,2.8564207632928746,1.0,0.0014624106033644451,3.249693727029527,0.6518018883957551,0.008264462809917356,0.6922786933173307,0.3920731552485907,['keyword:image'],['cluster:1'],keyword_to_topic
['keyword:analysis'],['cluster:1'],0.0013250993824536841,0.2716203715278646,0.0010250768807660575,0.7735849056603773,2.8480371384110925,1.0,0.0006651528941926439,3.21701002575193,0.6497419558113066,0.0037697682971680768,0.6891523520302789,0.3886794189568455,['keyword:analysis'],['cluster:1'],keyword_to_topic
['keyword:methods'],['cluster:1'],0.0016501237592819462,0.2716203715278646,0.001275095632172413,0.7727272727272727,2.844879669299772,1.0,0.000826888403609294,3.204870365277395,0.6495631434813288,0.004687930875999633,0.6879748988182722,0.3887108381309412,['keyword:methods'],['cluster:1'],keyword_to_topic
['keyword:dipole'],['cluster:4'],0.0024751856389229193,0.28424631847388554,0.002000150011250844,0.8080808080808082,2.8428892673769095,1.0,0.001296587605847572,3.7294533932150196,0.6498536894079904,0.007024938531787849,0.7318641917286602,0.4075587433842338,['keyword:dipole'],['cluster:4'],keyword_to_topic
['keyword:dna'],['cluster:4'],0.0013000975073130484,0.28424631847388554,0.001050078755906693,0.8076923076923077,2.8415224936906704,1.0,0.0006805308257958834,3.721919143935796,0.6489196454648952,0.003691009754811495,0.7313214066916736,0.40569328200166443,['keyword:dna'],['cluster:4'],keyword_to_topic
['keyword:iron'],['cluster:4'],0.0013000975073130484,0.28424631847388554,0.001050078755906693,0.8076923076923077,2.8415224936906704,1.0,0.0006805308257958834,3.721919143935796,0.6489196454648952,0.003691009754811495,0.7313214066916736,0.40569328200166443,['keyword:iron'],['cluster:4'],keyword_to_topic
['keyword:set'],['cluster:3'],0.002150161262094657,0.18461384603845288,0.0011250843813285997,0.5232558139534884,2.8343259467358717,1.0,0.0007281348411304112,1.7103221766022698,0.6485769726530419,0.0060606060606060615,0.41531483735619773,0.2646750359041548,['keyword:set'],['cluster:3'],keyword_to_topic
['keyword:mechanics'],['cluster:3'],0.002200165012375928,0.18461384603845288,0.0011500862564692352,0.5227272727272728,2.8314629912341185,1.0,0.0007439053316152748,1.7084281321099086,0.6482519470926793,0.0061944519256665765,0.4146666276415151,0.2644784792672117,['keyword:mechanics'],['cluster:3'],keyword_to_topic
['keyword:fluid'],['cluster:2'],0.002600195014626097,0.15988699152436434,0.0011750881316098707,0.4519230769230769,2.826515607145005,1.0,0.0007593507733446535,1.5328377698502824,0.6478921540653161,0.007284562926224426,0.3476152403932001,0.2296362843567691,['keyword:fluid'],['cluster:2'],keyword_to_topic
['keyword:electric_field'],['cluster:4'],0.0012500937570317774,0.28424631847388554,0.001000075005625422,0.8,2.8144603747031405,1.0,0.0006447404574419513,3.5787684076305735,0.6454990362229954,0.0035152473855347573,0.7205742629593406,0.4017591696719149,['keyword:electric_field'],['cluster:4'],keyword_to_topic
['keyword:microwave'],['cluster:4'],0.001375103132734955,0.28424631847388554,0.001100082506187964,0.7999999999999999,2.81446037470314,1.0,0.0007092145031861463,3.5787684076305712,0.6455798407691152,0.0038664323374340945,0.7205742629593402,0.4019350866391063,['keyword:microwave'],['cluster:4'],keyword_to_topic
['keyword:conductivity'],['cluster:4'],0.0013501012575943196,0.28424631847388554,0.0010750806310473285,0.7962962962962963,2.801430465560996,1.0,0.0006913193190091801,3.5136998911281982,0.6439088491798486,0.0037785588752196836,0.7153997122734024,0.4000392555454566,['keyword:conductivity'],['cluster:4'],keyword_to_topic
['keyword:pulses'],['cluster:4'],0.001825136885266395,0.28424631847388554,0.0014501087581568618,0.7945205479452055,2.795183248849009,1.0,0.0009313203178089946,3.4833345834270917,0.6434160249301258,0.005094869992972593,0.7129187633143911,0.3998110699968793,['keyword:pulses'],['cluster:4'],keyword_to_topic
['keyword:channel'],['cluster:1'],0.005725429407205541,0.2716203715278646,0.0043253243993299495,0.7554585152838427,2.781302856756982,1.0,0.002770181136588219,2.9785524092878375,0.6441442737821561,0.015842490842490838,0.6642664413485688,0.3856913342251319,['keyword:channel'],['cluster:1'],keyword_to_topic
['keyword:ions'],['cluster:4'],0.0022501687626571994,0.28424631847388554,0.001775133134985124,0.7888888888888889,2.7753706472767075,1.0,0.0011355309482548766,3.390412175650016,0.6411304169518073,0.006234632946961713,0.7050506109015259,0.3975669706120933,['keyword:ions'],['cluster:4'],keyword_to_topic
['keyword:signals'],['cluster:1'],0.0016251218841413105,0.2716203715278646,0.001225091881891142,0.7538461538461539,2.775366772402855,1.0,0.0007836756719426159,2.959042240668051,0.640728524205435,0.004503676470588235,0.662052813489329,0.3791782315622522,['keyword:signals'],['cluster:1'],keyword_to_topic
['keyword:cooling'],['cluster:4'],0.0021251593869540215,0.28424631847388554,0.0016751256344225817,0.788235294117647,2.773071251545741,1.0,0.0010710569025106816,3.3799479405399846,0.640750696307997,0.005883902696056907,0.7041374548981251,0.3970642562592809,['keyword:cooling'],['cluster:4'],keyword_to_topic
['keyword:geometric'],['cluster:3'],0.002150161262094657,0.18461384603845288,0.001100082506187964,0.5116279069767442,2.7713409256972965,1.0,0.0007031329659897755,1.6696002200165012,0.6405411130674843,0.005925127928898464,0.4010542236331781,0.25879336843961803,['keyword:geometric'],['cluster:3'],keyword_to_topic
['keyword:states'],['cluster:4'],0.00730054754106558,0.28424631847388554,0.005725429407205541,0.7842465753424658,2.7590386378725134,1.0,0.003650275645814072,3.317461508025801,0.6422436429365259,0.020031490552834152,0.6985647014801104,0.4021945340429454,['keyword:states'],['cluster:4'],keyword_to_topic
['keyword:electron'],['cluster:4'],0.005700427532064905,0.28424631847388554,0.004450333775033128,0.7807017543859649,2.746567690225652,1.0,0.0028300082353165017,3.263836787759082,0.6395549466709575,0.015588054996059201,0.6936121304378733,0.3981791822330036,['keyword:electron'],['cluster:4'],keyword_to_topic
['keyword:optical'],['cluster:4'],0.004900367527564568,0.28424631847388554,0.0038252868965172387,0.7806122448979591,2.7462527890917117,1.0,0.002432375467638034,3.2625051530027536,0.6389987902231905,0.013406940063091483,0.6934870741645826,0.3970349464440539,['keyword:optical'],['cluster:4'],keyword_to_topic
['keyword:optimal'],['cluster:1'],0.00297522314173563,0.2716203715278646,0.002200165012375928,0.7394957983193277,2.722534374574572,1.0,0.0013920337972393956,2.7960379286510992,0.6345832060511832,0.008077099586966495,0.6423510604942213,0.3737979727973663,['keyword:optimal'],['cluster:1'],keyword_to_topic
['keyword:solitons'],['cluster:4'],0.001975148136110208,0.28424631847388554,0.0015251143835787685,0.7721518987341773,2.716488652798917,1.0,0.0009636857974488849,3.141363380031282,0.6331282407624155,0.005356986036708528,0.6816668818524133,0.3887586831167588,['keyword:solitons'],['cluster:4'],keyword_to_topic
['keyword:electric'],['cluster:4'],0.0017501312598444884,0.28424631847388554,0.0013501012575943196,0.7714285714285715,2.7139439327494568,1.0,0.0008526328901374607,3.1314223566767514,0.6326397527339247,0.0047430830039525695,0.6806563005249606,0.3880891647713708,['keyword:electric'],['cluster:4'],keyword_to_topic
['keyword:resonant'],['cluster:4'],0.0016251218841413105,0.28424631847388554,0.0012500937570317774,0.7692307692307693,2.7062118987530197,1.0,0.0007881588443932656,3.1015992866131636,0.6315060603025143,0.004392129304286718,0.6775856880300083,0.3868143467052782,['keyword:resonant'],['cluster:4'],keyword_to_topic
['keyword:complexity'],['cluster:1'],0.00297522314173563,0.2716203715278646,0.0021751631372352925,0.7310924369747899,2.691596483954406,1.0,0.00136703192209876,2.7086617433807527,0.6303487129999371,0.007984581497797356,0.6308139979295189,0.3695502685610326,['keyword:complexity'],['cluster:1'],keyword_to_topic
['keyword:rate'],['cluster:1'],0.0019501462609695728,0.2716203715278646,0.0014251068830162263,0.7307692307692308,2.6904065650844,1.0,0.0008954074310779949,2.7054100486107893,0.6295366538292674,0.005236564079007809,0.6303702647539535,0.3680079585363091,['keyword:rate'],['cluster:1'],keyword_to_topic
['keyword:current'],['cluster:4'],0.0026501987649073682,0.28424631847388554,0.0020251518863914795,0.7641509433962265,2.688340688100877,1.0,0.0012718426442425218,3.0347956096707263,0.629692145664838,0.007109004739336493,0.6704885176407317,0.38563779028374084,['keyword:current'],['cluster:4'],keyword_to_topic
['keyword:protocols'],['cluster:1'],0.0015751181338600395,0.2716203715278646,0.0011500862564692352,0.7301587301587301,2.6881589405521655,1.0,0.0007222520837498944,2.6992892113967364,0.628988918672331,0.0042275526146493886,0.6295321020889963,0.3671964490263459,['keyword:protocols'],['cluster:1'],keyword_to_topic
['keyword:casimir'],['cluster:4'],0.002925219391454359,0.28424631847388554,0.002225166887516564,0.7606837606837608,2.6761428776557636,1.0,0.0013936840447672425,2.9908278835198367,0.6281653950615893,0.0078090725629551645,0.665644417216305,0.3842560328618909,['keyword:casimir'],['cluster:4'],keyword_to_topic
['keyword:communication'],['cluster:1'],0.001825136885266395,0.2716203715278646,0.0013250993824536841,0.7260273972602741,2.6729489882381428,1.0,0.0008293550235884163,2.658585643923295,0.627025782949869,0.004869533259830944,0.6238601520001092,0.3654529475255715,['keyword:communication'],['cluster:1'],keyword_to_topic
['keyword:topological'],['cluster:3'],0.003250243768282621,0.18461384603845288,0.001600120009000675,0.49230769230769234,2.6666888907408954,1.0,0.0010000800063755064,1.6060636365909262,0.6270411618631953,0.008590604026845637,0.3773596654472379,0.2504875406283857,['keyword:topological'],['cluster:3'],keyword_to_topic
['keyword:gauge'],['cluster:3'],0.0040753056479235945,0.18461384603845288,0.002000150011250844,0.49079754601226994,2.658508863468684,1.0,0.00124779216180544,1.601300519225689,0.6264020685846261,0.010713807419311638,0.3755076027305909,0.2508158910993094,['keyword:gauge'],['cluster:3'],keyword_to_topic
['keyword:error'],['cluster:1'],0.00275020626546991,0.2716203715278646,0.001975148136110208,0.7181818181818181,2.644064633819788,1.0,0.00122813608850501,2.5845728752237056,0.6235091982953108,0.007251032583754015,0.6130888745346577,0.36272677065202835,['keyword:error'],['cluster:1'],keyword_to_topic
['keyword:fiber'],['cluster:4'],0.002000150011250844,0.28424631847388554,0.0015001125084381328,0.7499999999999999,2.6385566012841934,1.0,0.0009315772313445796,2.8630147261044567,0.6222495010480079,0.005268241285450873,0.6507178286991754,0.3776387545078722,['keyword:fiber'],['cluster:4'],keyword_to_topic
['keyword:relaxation'],['cluster:4'],0.002375178138360377,0.28424631847388554,0.001775133134985124,0.7473684210526317,2.629298507946355,1.0,0.0010999974934365296,2.833191656040871,0.6211457507513126,0.006231896778723778,0.6470411742644302,0.3768067366939647,['keyword:relaxation'],['cluster:4'],keyword_to_topic
['keyword:graphs'],['cluster:3'],0.004600345025876941,0.18461384603845288,0.002225166887516564,0.4836956521739131,2.6200399512459374,1.0,0.0013758794991855557,1.5792742350413125,0.6211840918089823,0.011899986629228507,0.3667977493637507,0.2478743699656131,['keyword:graphs'],['cluster:3'],keyword_to_topic
['keyword:vortex'],['cluster:4'],0.0032252418931419855,0.28424631847388554,0.0024001800135010124,0.7441860465116279,2.618102674142456,1.0,0.001483416879187658,2.7979462096020837,0.6200438007926157,0.008419575513067882,0.6425949875061331,0.3763150304684096,['keyword:vortex'],['cluster:4'],keyword_to_topic
['keyword:information'],['cluster:1'],0.003800285021376603,0.2716203715278646,0.002700202515188639,0.7105263157894737,2.6158800674366325,1.0,0.0016679676857705474,2.516220534721922,0.6200759424250453,0.009900990099009901,0.6025785553369574,0.36023370281373535,['keyword:information'],['cluster:1'],keyword_to_topic
['keyword:gap'],['cluster:4'],0.002225166887516564,0.28424631847388554,0.0016501237592819462,0.7415730337078651,2.608909897898978,1.0,0.0010176282635153684,2.769655550253225,0.6180734629040734,0.005793539325842698,0.6389442723631926,0.3736891468125921,['keyword:gap'],['cluster:4'],keyword_to_topic
['keyword:metal'],['cluster:4'],0.002000150011250844,0.28424631847388554,0.0014751106332974973,0.7374999999999999,2.5945806579294572,1.0,0.0009065753562039441,2.726680691528055,0.6158129814279885,0.005179982440737488,0.6332537201341343,0.3713447752660744,['keyword:metal'],['cluster:4'],keyword_to_topic
['keyword:games'],['cluster:1'],0.0021751631372352925,0.2716203715278646,0.0015251143835787685,0.7011494252873565,2.581358023123932,1.0,0.0009342957641092028,2.437270295272146,0.6139424360548941,0.005601469237832874,0.5897049244231077,0.3533821500516311,['keyword:games'],['cluster:1'],keyword_to_topic
['keyword:key'],['cluster:4'],0.0015001125084381328,0.28424631847388554,0.001100082506187964,0.7333333333333333,2.579922010144545,1.0,0.0006736810483677992,2.684076305722929,0.6133114200320049,0.003864734299516908,0.6274323506124538,0.368601753305773,['keyword:key'],['cluster:4'],keyword_to_topic
['keyword:problems'],['cluster:1'],0.002325174388079106,0.2716203715278646,0.0016251218841413105,0.6989247311827956,2.5731675693223743,1.0,0.0009935571529841886,2.4192609088538775,0.6127987940287459,0.005967682702901211,0.5866506186495822,0.3524538972556099,['keyword:problems'],['cluster:1'],keyword_to_topic
['keyword:water'],['cluster:2'],0.0026752006400480037,0.15988699152436434,0.001100082506187964,0.41121495327102797,2.5719100056264748,1.0,0.0006723527241266347,1.4268586016967144,0.6128233323457689,0.0068132548776711046,0.2991597073382925,0.20904766428211288,['keyword:water'],['cluster:2'],keyword_to_topic
['keyword:jet'],['cluster:2'],0.0034752606445483413,0.15988699152436434,0.0014251068830162263,0.41007194244604317,2.5647611387043607,1.0,0.0008694579137963687,1.424094002172114,0.6122277946358696,0.008800370541917554,0.29779916320499933,0.20949257794702472,['keyword:jet'],['cluster:2'],keyword_to_topic
['keyword:pulse'],['cluster:4'],0.0026752006400480037,0.28424631847388554,0.0019501462609695728,0.7289719626168224,2.5645783788182817,1.0,0.0011897303278569455,2.640884273217043,0.6117088017689672,0.006843305843130374,0.6213389544776109,0.36791636216864515,['keyword:pulse'],['cluster:4'],keyword_to_topic
['keyword:game'],['cluster:1'],0.002550191264344826,0.2716203715278646,0.001775133134985124,0.696078431372549,2.562688606370383,1.0,0.0010824492362966676,2.3966039388438,0.6113438621451733,0.0065167508031206975,0.5827429039099249,0.35130688873487537,['keyword:game'],['cluster:1'],keyword_to_topic
['keyword:matrices'],['cluster:3'],0.0027752081406105457,0.18461384603845288,0.0013000975073130484,0.46846846846846846,2.5375586854460095,1.0,0.0007877556589177121,1.5340315777920632,0.6076066790352505,0.006986430202875185,0.3481229366612496,0.2377553609947976,['keyword:matrices'],['cluster:3'],keyword_to_topic
['keyword:exchange'],['cluster:4'],0.0017001275095632172,0.28424631847388554,0.001225091881891142,0.7205882352941178,2.5350837933906964,1.0,0.0007418368963616218,2.5616447549355685,0.6065669624808525,0.0043027748507200566,0.6096258085461376,0.36244910049515455,['keyword:exchange'],['cluster:4'],keyword_to_topic
['keyword:photons'],['cluster:4'],0.0018751406355476661,0.28424631847388554,0.0013501012575943196,0.72,2.533014337232826,1.0,0.0008170994353191136,2.5562631483075515,0.6063504389114328,0.004741000877963126,0.6088039681430766,0.36237487905708504,['keyword:photons'],['cluster:4'],keyword_to_topic
['keyword:discrete'],['cluster:3'],0.0023001725129384704,0.18461384603845288,0.0010750806310473285,0.46739130434782605,2.5317239978331525,1.0,0.0006504369368818244,1.5309291053971905,0.6064070772736411,0.00578501278084219,0.34680188881734275,0.23660735314899428,['keyword:discrete'],['cluster:3'],keyword_to_topic
['keyword:coherent'],['cluster:4'],0.0025751931394854613,0.28424631847388554,0.0018501387604070306,0.7184466019417476,2.5275493656314607,1.0,0.001118149591149081,2.5421596274893035,0.6059202155983627,0.006492367081944201,0.6066336711563531,0.36247776486391625,['keyword:coherent'],['cluster:4'],keyword_to_topic
['keyword:light'],['cluster:0'],0.003975298147361052,0.09963247243543266,0.001000075005625422,0.2515723270440252,2.5250033537716123,1.0,0.0006040062225358455,1.2030120746450943,0.606371429288619,0.009746588693957114,0.16875314797233912,0.13080498409917699,['keyword:light'],['cluster:0'],keyword_to_topic
['keyword:hall'],['cluster:4'],0.0021251593869540215,0.28424631847388554,0.0015251143835787685,0.7176470588235295,2.5247365126013466,1.0,0.0009210456516668684,2.53496095540499,0.6052052219801597,0.0053541648380584575,0.6055166065308337,0.3615062631614349,['keyword:hall'],['cluster:4'],keyword_to_topic
['keyword:delay'],['cluster:1'],0.0019001425106883016,0.2716203715278646,0.0013000975073130484,0.6842105263157895,2.518995620494535,1.0,0.0007839800926040025,2.306535490161762,0.6041643784936788,0.004775900073475384,0.5664493330948627,0.3444984884892644,['keyword:delay'],['cluster:1'],keyword_to_topic
['keyword:laser'],['cluster:4'],0.004300322524189314,0.28424631847388554,0.0030752306422981725,0.7151162790697675,2.5158330384337666,1.0,0.0018528797965470334,2.512441494336566,0.6051195525137926,0.010772464529689964,0.601980781540921,0.36296758627602194,['keyword:laser'],['cluster:4'],keyword_to_topic
['keyword:black'],['cluster:2'],0.0053003975298147364,0.15988699152436434,0.0021251593869540215,0.40094339622641506,2.507667399353858,1.0,0.001277694772028771,1.4023933684790137,0.6044267348764313,0.013032812020852498,0.2869333081027297,0.2071175151577736,['keyword:black'],['cluster:2'],keyword_to_topic
['keyword:dynamic'],['cluster:1'],0.0019501462609695728,0.2716203715278646,0.0013250993824536841,0.6794871794871795,2.501606104376723,1.0,0.0007953999305154527,2.2725444408330624,0.6014296875701597,0.0048672972724768115,0.5599646008975636,0.3421828386390242,['keyword:dynamic'],['cluster:1'],keyword_to_topic
['keyword:transport'],['cluster:4'],0.00320024001800135,0.28424631847388554,0.002275170637797835,0.7109375,2.501131778300642,1.0,0.00136551419444815,2.47612084419845,0.6021078923584631,0.007978257057688936,0.5961424894334217,0.3594708610036063,['keyword:transport'],['cluster:4'],keyword_to_topic
['keyword:stochastic'],['cluster:1'],0.0031752381428607145,0.2716203715278646,0.002150161262094657,0.6771653543307087,2.4930580520218477,1.0,0.0012877018980413828,2.2562003125844194,0.600793859111881,0.007886290692342961,0.5567769428883176,0.3425407036749272,['keyword:stochastic'],['cluster:1'],keyword_to_topic
['keyword:chain'],['cluster:4'],0.0023001725129384704,0.28424631847388554,0.0016251218841413105,0.7065217391304347,2.485596798311197,1.0,0.0009713063154837244,2.4388643963112044,0.5990600753713146,0.005703755703755704,0.5899731032555539,0.356119520282079,['keyword:chain'],['cluster:4'],keyword_to_topic
['keyword:distributions'],['cluster:1'],0.002375178138360377,0.2716203715278646,0.001600120009000675,0.6736842105263158,2.480241841717696,1.0,0.0009549732406143676,2.2321311195113824,0.5982344243396321,0.005874254245066544,0.5519976441980247,0.33978761336330515,['keyword:distributions'],['cluster:1'],keyword_to_topic
['keyword:ground'],['cluster:4'],0.0015251143835787685,0.28424631847388554,0.0010750806310473285,0.7049180327868851,2.4799548383654715,1.0,0.0006415724822634943,2.425609698505165,0.5976783784287418,0.003776236058663388,0.5877325191203383,0.35435012379075104,['keyword:ground'],['cluster:4'],keyword_to_topic
['keyword:process'],['cluster:1'],0.002450183763782284,0.2716203715278646,0.0016501237592819462,0.673469387755102,2.4794509482732705,1.0,0.0009846039350518607,2.230662612195914,0.5981504814808908,0.00605726872246696,0.5517027117715586,0.3397722491058279,['keyword:process'],['cluster:1'],keyword_to_topic
['keyword:variational'],['cluster:1'],0.002600195014626097,0.2716203715278646,0.0017501312598444884,0.6730769230769231,2.478006046788263,1.0,0.0010438653239268467,2.227984745914767,0.5980046624721129,0.006423196916865479,0.5511638929155149,0.33976011102299764,['keyword:variational'],['cluster:1'],keyword_to_topic
['keyword:source'],['cluster:2'],0.0028502137660324526,0.15988699152436434,0.0011250843813285997,0.39473684210526316,2.468849018558907,1.0,0.0006693722770763424,1.3880127966119198,0.5966535449523189,0.006961633663366337,0.27954554710089313,0.20088679478210775,['keyword:source'],['cluster:2'],keyword_to_topic
['keyword:contact'],['cluster:3'],0.0022501687626571994,0.18461384603845288,0.0010250768807660575,0.45555555555555555,2.4676131575779463,1.0,0.0006096645712563252,1.4976480378885557,0.5960914003106,0.005515942418942554,0.33228637523550597,0.23055405080052968,['keyword:contact'],['cluster:3'],keyword_to_topic
['keyword:correlations'],['cluster:4'],0.0037502812710953322,0.28424631847388554,0.0026251968897667323,0.7,2.4626528278652473,1.0,0.0015591932452163203,2.3858456050870482,0.5961696345665026,0.009199229016996671,0.5808613944390106,0.3546178203887765,['keyword:correlations'],['cluster:4'],keyword_to_topic
['keyword:functional'],['cluster:1'],0.003150236267720079,0.2716203715278646,0.002100157511813386,0.6666666666666666,2.4544059891998034,1.0,0.0012444891663747045,2.1851388854164058,0.5944420756941134,0.007702182284980743,0.542363184933466,0.3371993127147766,['keyword:functional'],['cluster:1'],keyword_to_topic
['keyword:electrons'],['cluster:4'],0.001550116258719404,0.28424631847388554,0.0010750806310473285,0.6935483870967741,2.4399555667789317,1.0,0.0006344657912998248,2.3356172765588994,0.5910727024437966,0.003775904460835967,0.5718476609860861,0.34866530094569553,['keyword:electrons'],['cluster:4'],keyword_to_topic
['keyword:interference'],['cluster:1'],0.003850288771657874,0.2716203715278646,0.002550191264344826,0.6623376623376623,2.4384682879712334,1.0,0.0015043743976975484,2.157124284321324,0.5921865872569443,0.009344082081348477,0.5364198496728617,0.33586323470344087,['keyword:interference'],['cluster:1'],keyword_to_topic
['keyword:matching'],['cluster:1'],0.001550116258719404,0.2716203715278646,0.0010250768807660575,0.6612903225806451,2.434612392512708,1.0,0.0006040337266613095,2.150454141203447,0.590171834108475,0.0037666513550757923,0.53498194598078,0.3325321274169794,['keyword:matching'],['cluster:1'],keyword_to_topic
['keyword:ion'],['cluster:4'],0.0034002550191264344,0.28424631847388554,0.0023501762632197414,0.6911764705882353,2.431610985497198,1.0,0.0013836662921607012,2.317678587798847,0.5907587376772583,0.008237665410568749,0.5685337883930992,0.34972228402311756,['keyword:ion'],['cluster:4'],keyword_to_topic
['keyword:codes'],['cluster:1'],0.00500037502812711,0.2716203715278646,0.0033002475185638924,0.66,2.4298619293078056,1.0,0.0019420437956453505,2.1422930249180454,0.5914112606325587,0.012074643249176727,0.5332104486321354,0.33607511045655375,['keyword:codes'],['cluster:1'],keyword_to_topic
['keyword:spatial'],['cluster:1'],0.003275245643423257,0.2716203715278646,0.002150161262094657,0.6564885496183206,2.4169341420364474,1.0,0.001260537823583012,2.120394029552216,0.5881791209855342,0.007883399028325236,0.5283895417253276,0.3322023013187332,['keyword:spatial'],['cluster:1'],keyword_to_topic
['keyword:design'],['cluster:1'],0.0021751631372352925,0.2716203715278646,0.0014251068830162263,0.6551724137931035,2.4120886445584278,1.0,0.0008342882635466606,2.112300922569193,0.5866977014071134,0.005232237929135303,0.5265826051035857,0.3302095500482454,['keyword:design'],['cluster:1'],keyword_to_topic
['keyword:band'],['cluster:4'],0.0019001425106883016,0.28424631847388554,0.0013000975073130484,0.6842105263157895,2.407104267838212,1.0,0.000759988994074173,2.266553324832696,0.5856759407522163,0.0045642060914596674,0.5588014678305376,0.3443921837313841,['keyword:band'],['cluster:4'],keyword_to_topic
['keyword:mode'],['cluster:4'],0.0030002250168762656,0.28424631847388554,0.002050153761532115,0.6833333333333333,2.404018236725599,1.0,0.0011973508458917855,2.2602747837666777,0.5857872714695249,0.007188568422898221,0.5575759163522891,0.3452729644940921,['keyword:mode'],['cluster:4'],keyword_to_topic
['keyword:phase'],['cluster:4'],0.007100532539940496,0.28424631847388554,0.004850363777283297,0.6830985915492959,2.403192397413773,1.0,0.0028320635436011833,2.2586005061490733,0.5880623888773081,0.016929924077144606,0.5572479518721946,0.350081268683435,['keyword:phase'],['cluster:4'],keyword_to_topic
['keyword:multi'],['cluster:1'],0.0017251293847038527,0.2716203715278646,0.0011250843813285997,0.6521739130434784,2.4010493372606776,1.0,0.0006565040969217027,2.09409143185739,0.5845238095238094,0.004132990448199853,0.5224659321044866,0.32815801690465524,['keyword:multi'],['cluster:1'],keyword_to_topic
['keyword:gamma'],['cluster:0'],0.004600345025876941,0.09963247243543266,0.001100082506187964,0.23913043478260868,2.400125470514429,1.0,0.0006417387572037999,1.1833401790848599,0.5860511527755894,0.010666666666666665,0.15493446628901475,0.12508592002618513,['keyword:gamma'],['cluster:0'],keyword_to_topic
['keyword:fermi'],['cluster:4'],0.0020751556366727505,0.28424631847388554,0.0014001050078755906,0.6746987951807228,2.373641279870118,1.0,0.0008102496578910293,2.2002798358024998,0.5799097523962233,0.004914004914004913,0.5455123554157947,0.3398122351310422,['keyword:fermi'],['cluster:4'],keyword_to_topic
['keyword:stability'],['cluster:3'],0.0024001800135010124,0.18461384603845288,0.001050078755906693,0.43750000000000006,2.3698114165763817,1.0,0.0006069722924296453,1.4495753848205282,0.5794161979470619,0.0056466792148427,0.3101428111489284,0.2215939869989166,['keyword:stability'],['cluster:3'],keyword_to_topic
['keyword:security'],['cluster:1'],0.0017501312598444884,0.2716203715278646,0.0011250843813285997,0.6428571428571429,2.366748632442668,1.0,0.00064971307830711,2.039462959721979,0.578491858753336,0.0041326108917255945,0.5096748410001423,0.3234996318114875,['keyword:security'],['cluster:1'],keyword_to_topic
['keyword:resonances'],['cluster:4'],0.0019001425106883016,0.28424631847388554,0.001275095632172413,0.6710526315789473,2.3608138011490154,1.0,0.0007349871189335375,2.175891191839388,0.577514610964498,0.004476040021063717,0.5404181956568099,0.3377692571211651,['keyword:resonances'],['cluster:4'],keyword_to_topic
['keyword:bell'],['cluster:4'],0.002500187514063555,0.28424631847388554,0.0016751256344225817,0.67,2.35711056381388,1.0,0.0009644565380556403,2.1689505500791353,0.5771948588510938,0.005876162076828627,0.5389475338829118,0.3379466092004574,['keyword:bell'],['cluster:4'],keyword_to_topic
['keyword:temperature'],['cluster:4'],0.004050303772782959,0.28424631847388554,0.002700202515188639,0.6666666666666666,2.34538364558595,1.0,0.001548918579074194,2.147261044578343,0.5759633488138571,0.00945460912194695,0.5342904382655674,0.3380830914475034,['keyword:temperature'],['cluster:4'],keyword_to_topic
['keyword:resonance'],['cluster:4'],0.0019501462609695728,0.28424631847388554,0.0013000975073130484,0.6666666666666666,2.34538364558595,1.0,0.0007457756121468342,2.147261044578343,0.5747513715273429,0.004563405002193944,0.5342904382655674,0.33562025390682265,['keyword:resonance'],['cluster:4'],keyword_to_topic
['keyword:models'],['cluster:1'],0.005250393779533465,0.2716203715278646,0.003325249393704528,0.6333333333333334,2.3316856897398135,1.0,0.001899135484640059,1.9864898958330968,0.5741401912552765,0.01215611004478567,0.4965995034268128,0.32278780068728524,['keyword:models'],['cluster:1'],keyword_to_topic
['keyword:transition'],['cluster:4'],0.004000300022501688,0.28424631847388554,0.0026501987649073682,0.6625,2.330724997801038,1.0,0.0015131282107202619,2.120751648966265,0.5732420936069199,0.009279523767836821,0.528469068743887,0.3359117996305744,['keyword:transition'],['cluster:4'],keyword_to_topic
['keyword:interface'],['cluster:4'],0.001550116258719404,0.28424631847388554,0.0010250768807660575,0.6612903225806451,2.3264692613473534,1.0,0.0005844620410185538,2.1131775359342426,0.5710492965703414,0.0035996488147497807,0.5267789937214636,0.3324483102040353,['keyword:interface'],['cluster:4'],keyword_to_topic
['keyword:state'],['cluster:4'],0.0042753206490486785,0.28424631847388554,0.0028252118908918167,0.6608187134502924,2.3248101048351963,1.0,0.001609967736104347,2.110239302430441,0.5723041247124105,0.009888859718211252,0.5261200950772441,0.3353790110483057,['keyword:state'],['cluster:4'],keyword_to_topic
['keyword:charge'],['cluster:4'],0.0033502512688451634,0.28424631847388554,0.002200165012375928,0.6567164179104477,2.3103779195324283,1.0,0.0012478684232442266,2.0850215940108545,0.5690769293922594,0.00770915462111257,0.5203886603033454,0.33222838223343654,['keyword:charge'],['cluster:4'],keyword_to_topic
['keyword:waves'],['cluster:2'],0.0028502137660324526,0.15988699152436434,0.001050078755906693,0.3684210526315789,2.304259083988313,1.0,0.0005943666516544357,1.330178930086423,0.5676389152556943,0.006494510592237513,0.24822144045310585,0.18749434179663388,['keyword:waves'],['cluster:2'],keyword_to_topic
['keyword:black'],['cluster:3'],0.0053003975298147364,0.18461384603845288,0.0022501687626571994,0.42452830188679247,2.2995474662196695,1.0,0.0012716419891453856,1.4169005298348196,0.5681432142208817,0.011990407673860913,0.29423415480225795,0.21835840879821747,['keyword:black'],['cluster:3'],keyword_to_topic
['keyword:method'],['cluster:1'],0.003375253143985799,0.2716203715278646,0.002100157511813386,0.6222222222222222,2.29077892325315,1.0,0.00118336999884337,1.9280637224262407,0.5653755456324318,0.007695831424644983,0.4813449429245949,0.3149770904925544,['keyword:method'],['cluster:1'],keyword_to_topic
['keyword:frequency'],['cluster:4'],0.00320024001800135,0.28424631847388554,0.0020751556366727505,0.6484375,2.2812520615269594,1.0,0.0011654991933230656,2.0359215830076147,0.5634473986643608,0.00727177150867356,0.5088219466082157,0.32786902706922333,['keyword:frequency'],['cluster:4'],keyword_to_topic
['keyword:dark'],['cluster:2'],0.0053504012800960074,0.15988699152436434,0.0019501462609695728,0.3644859813084112,2.2796475049871026,1.0,0.0010946866968469145,1.321942528042544,0.564355216794701,0.011943040881947633,0.24353746188895073,0.18834150511863093,['keyword:dark'],['cluster:2'],keyword_to_topic
['keyword:scattering'],['cluster:4'],0.003975298147361052,0.28424631847388554,0.0025751931394854613,0.6477987421383649,2.2790048631637063,1.0,0.0014452292762620247,2.0322292029045044,0.5634518830389291,0.009015317286652079,0.5079295196768261,0.32842923297436316,['keyword:scattering'],['cluster:4'],keyword_to_topic
['keyword:feedback'],['cluster:1'],0.0029502212665949946,0.2716203715278646,0.001825136885266395,0.6186440677966102,2.277605557774394,1.0,0.0010237966887444551,1.9099732479935994,0.5626022141635982,0.006691722431020258,0.4764324573391349,0.31268175407503557,['keyword:feedback'],['cluster:1'],keyword_to_topic
['keyword:transfer'],['cluster:4'],0.0021751631372352925,0.28424631847388554,0.0014001050078755906,0.6436781609195402,2.2645083474622965,1.0,0.0007818228940363516,2.008728073960386,0.5596203064036941,0.004912280701754385,0.5021725374562963,0.3243019180004509,['keyword:transfer'],['cluster:4'],keyword_to_topic
['keyword:gaussian'],['cluster:1'],0.0037002775208140612,0.2716203715278646,0.002275170637797835,0.6148648648648648,2.263692010309278,1.0,0.0012700998828381138,1.8912313160329124,0.5603171202056996,0.008332570277447118,0.47124395015961273,0.3116205767623293,['keyword:gaussian'],['cluster:1'],keyword_to_topic
['keyword:force'],['cluster:4'],0.00342525689426707,0.28424631847388554,0.002200165012375928,0.6423357664233577,2.25978570231639,1.0,0.0012265483503532183,2.0011888646750546,0.5593962391096109,0.00770712909441233,0.5002970395988205,0.32503805648989154,['keyword:force'],['cluster:4'],keyword_to_topic
['keyword:magnetic'],['cluster:2'],0.009975748181113584,0.15988699152436434,0.003600270020251519,0.3609022556390977,2.2572333883967146,1.0,0.0020052776553686185,1.3145297662030533,0.5625920711483745,0.021654135338345863,0.2392716956965952,0.19170992375387255,['keyword:magnetic'],['cluster:2'],keyword_to_topic
['keyword:distribution'],['cluster:1'],0.0029002175163137236,0.2716203715278646,0.001775133134985124,0.6120689655172413,2.2533986021532675,1.0,0.0009873749756923694,1.8776008200615042,0.5578437400562447,0.006508387569896416,0.46740543074153373,0.30930215580722153,['keyword:distribution'],['cluster:1'],keyword_to_topic
['keyword:convergence'],['cluster:1'],0.0016751256344225817,0.2716203715278646,0.0010250768807660575,0.6119402985074627,2.252924900534148,1.0,0.000570078633588346,1.8769782733705025,0.5570657186662025,0.003764921946740129,0.467228782459856,0.3078571153803882,['keyword:convergence'],['cluster:1'],keyword_to_topic
['keyword:carbon'],['cluster:4'],0.0018001350101257594,0.28424631847388554,0.0011500862564692352,0.638888888888889,2.247659327019869,1.0,0.0006384045070850374,1.9820871180723174,0.5560937627617,0.004036858271171566,0.4954813081210315,0.32146748956714655,['keyword:carbon'],['cluster:4'],keyword_to_topic
['keyword:power'],['cluster:1'],0.0030752306422981725,0.2716203715278646,0.0018751406355476661,0.6097560975609756,2.244883526707137,1.0,0.0010398453459527627,1.8664727979598468,0.5562531975723528,0.006873167155425219,0.46423007016600903,0.3083298160853479,['keyword:power'],['cluster:1'],keyword_to_topic
['keyword:bounds'],['cluster:1'],0.002050153761532115,0.2716203715278646,0.0012500937570317774,0.6097560975609756,2.244883526707137,1.0,0.0006932302306351752,1.8664727979598468,0.555681823875736,0.004588839941262849,0.46423007016600903,0.30717922698372785,['keyword:bounds'],['cluster:1'],keyword_to_topic
['keyword:classical'],['cluster:4'],0.003025226892016901,0.28424631847388554,0.001925144385828937,0.6363636363636364,2.238775298059316,1.0,0.001065234779224938,1.9683226241968148,0.555006233609905,0.006746692368351879,0.49195320538061904,0.3215682198002543,['keyword:classical'],['cluster:4'],keyword_to_topic
['keyword:graph'],['cluster:1'],0.005800435032627447,0.2716203715278646,0.0035252643948296123,0.6077586206896551,2.2375295979127516,1.0,0.0019497480762441035,1.8569678440168724,0.5563053506727912,0.012870835235052485,0.46148771330532856,0.3103686328779645,['keyword:graph'],['cluster:1'],keyword_to_topic
['keyword:molecular'],['cluster:4'],0.003150236267720079,0.28424631847388554,0.002000150011250844,0.634920634920635,2.2336987100818577,1.0,0.001104706949828498,1.9605426928758793,0.5540574603094982,0.007008322382829611,0.4899371466718121,0.3209786568041472,['keyword:molecular'],['cluster:4'],keyword_to_topic
['keyword:pressure'],['cluster:4'],0.003275245643423257,0.28424631847388554,0.0020751556366727505,0.6335877862595419,2.229009647904204,1.0,0.0011441791204320573,1.9534110891650205,0.5531820756159641,0.007269860733993169,0.4880749855743642,0.3204441701989943,['keyword:pressure'],['cluster:4'],keyword_to_topic
['keyword:polarization'],['cluster:4'],0.003600270020251519,0.28424631847388554,0.002275170637797835,0.6319444444444445,2.2232282473783487,1.0,0.0012518071390294394,1.9446892479200097,0.5521916670136379,0.007967081071616179,0.48577902558489755,0.3199743332258286,['keyword:polarization'],['cluster:4'],keyword_to_topic
['keyword:coupling'],['cluster:4'],0.002700202515188639,0.28424631847388554,0.0017001275095632172,0.6296296296296297,2.2150845541645086,1.0,0.0009326048854869205,1.9325349401205092,0.5500351711292956,0.005960206854237882,0.4825449314061861,0.3178054032570701,['keyword:coupling'],['cluster:4'],keyword_to_topic
['keyword:flow'],['cluster:2'],0.0041753131484861365,0.15988699152436434,0.0014751106332974973,0.3532934131736527,2.2096445108219838,1.0,0.0008075323753139274,1.2990636334762145,0.549733826389273,0.009072735660464402,0.23021476836815033,0.18125968547658397,['keyword:flow'],['cluster:2'],keyword_to_topic
['keyword:fields'],['cluster:3'],0.0028252118908918167,0.18461384603845288,0.0011500862564692352,0.40707964601769914,2.2050331259168354,1.0,0.0006285130234181271,1.375203513397833,0.5480404041284944,0.006173667964031673,0.27283490024744467,0.20665466591242487,['keyword:fields'],['cluster:3'],keyword_to_topic
['keyword:series'],['cluster:1'],0.002925219391454359,0.2716203715278646,0.0017501312598444884,0.5982905982905983,2.202672041589567,1.0,0.0009555820819371414,1.8132003517285071,0.5476078234704113,0.006415543946476033,0.4484889664582796,0.3023669486298352,['keyword:series'],['cluster:1'],keyword_to_topic
['keyword:convex'],['cluster:1'],0.002550191264344826,0.2716203715278646,0.0015251143835787685,0.5980392156862746,2.2017465491351182,1.0,0.0008324304848903121,1.812066392784337,0.5472106081743265,0.005593764328289776,0.4481438406550622,0.30182704525109016,['keyword:convex'],['cluster:1'],keyword_to_topic
['keyword:detection'],['cluster:1'],0.002550191264344826,0.2716203715278646,0.0015251143835787685,0.5980392156862746,2.2017465491351182,1.0,0.0008324304848903121,1.812066392784337,0.5472106081743265,0.005593764328289776,0.4481438406550622,0.30182704525109016,['keyword:detection'],['cluster:1'],keyword_to_topic
['keyword:liquid'],['cluster:4'],0.0024001800135010124,0.28424631847388554,0.0015001125084381328,0.625,2.1987971677368283,1.0,0.0008178701759258691,1.9086764840696386,0.5465176311370643,0.005260850504164839,0.4760767430487634,0.31513875450787227,['keyword:liquid'],['cluster:4'],keyword_to_topic
['keyword:tree'],['cluster:1'],0.0023501762632197414,0.2716203715278646,0.0014001050078755906,0.5957446808510638,2.1932989690721647,1.0,0.0007617492581038759,1.801781186220545,0.5453474676089517,0.005136672170243991,0.4449936498129269,0.30044966001316076,['keyword:tree'],['cluster:1'],keyword_to_topic
['keyword:rank'],['cluster:1'],0.0027752081406105457,0.2716203715278646,0.0016501237592819462,0.5945945945945946,2.189064801178203,1.0,0.0008963206930621554,1.7966697502312674,0.5446955641760837,0.006050050417086809,0.44341468437853987,0.3003348525255742,['keyword:rank'],['cluster:1'],keyword_to_topic
['keyword:harmonic'],['cluster:4'],0.002150161262094657,0.28424631847388554,0.0013250993824536841,0.616279069767442,2.1681162770242217,1.0,0.0007139239595781145,1.8652974730680565,0.5399310635976369,0.0046483073145062274,0.4638924812591999,0.31047043469900815,['keyword:harmonic'],['cluster:4'],keyword_to_topic
['keyword:hydrogen'],['cluster:4'],0.0016251218841413105,0.28424631847388554,0.001000075005625422,0.6153846153846155,2.164969519002416,1.0,0.0005381400929869102,1.8609595719678984,0.5389756335770811,0.0035106196243637005,0.4626428133833473,0.3094514773642226,['keyword:hydrogen'],['cluster:4'],keyword_to_topic
['keyword:signal'],['cluster:1'],0.002050153761532115,0.2716203715278646,0.0012000900067505062,0.5853658536585366,2.1550881856388515,1.0,0.000643226480353904,1.7566802804327968,0.5370829679736105,0.004404477885850615,0.4307444495513846,0.2948920579043787,['keyword:signal'],['cluster:1'],keyword_to_topic
['keyword:modes'],['cluster:4'],0.0032252418931419855,0.28424631847388554,0.001975148136110208,0.6124031007751938,2.154480325596396,1.0,0.0010583850017968537,1.8466444983373753,0.5375847892983554,0.0069182940712847005,0.45847725379717147,0.3096759104896287,['keyword:modes'],['cluster:4'],keyword_to_topic
['keyword:approximation'],['cluster:1'],0.0024001800135010124,0.2716203715278646,0.0014001050078755906,0.5833333333333334,2.147605240549828,1.0,0.0007481672208746905,1.7481111083331249,0.535650735570537,0.005135730007336756,0.42795398116683264,0.29424398625429554,['keyword:approximation'],['cluster:1'],keyword_to_topic
['keyword:symmetry'],['cluster:3'],0.0027752081406105457,0.18461384603845288,0.001100082506187964,0.3963963963963964,2.1471650415312387,1.0,0.0005877406577926277,1.350863628204951,0.5357564513408669,0.0059052476177694265,0.25973282637802925,0.20117761314944413,['keyword:symmetry'],['cluster:3'],keyword_to_topic
['keyword:dynamics'],['cluster:4'],0.0030752306422981725,0.28424631847388554,0.0018751406355476661,0.6097560975609756,2.145167968523735,1.0,0.0010010176470163282,1.8341188089106684,0.5354827707277926,0.0065691512656564765,0.4547790496767619,0.30817649191532814,['keyword:dynamics'],['cluster:4'],keyword_to_topic
['keyword:linear'],['cluster:1'],0.002450183763782284,0.2716203715278646,0.0014251068830162263,0.5816326530612245,2.1413440007814613,1.0,0.0007595870587861407,1.7410049656163233,0.5343127361500067,0.005226960110041265,0.4256190994573094,0.2934396696823059,['keyword:linear'],['cluster:1'],keyword_to_topic
['keyword:log'],['cluster:1'],0.0018501387604070306,0.2716203715278646,0.0010750806310473285,0.581081081081081,2.139313328424153,1.0,0.000572545253567468,1.7387126615141293,0.5335474276354073,0.003946764570904085,0.42486184052449105,0.29251955379532696,['keyword:log'],['cluster:1'],keyword_to_topic
['keyword:heat'],['cluster:4'],0.002600195014626097,0.28424631847388554,0.0015751181338600395,0.6057692307692308,2.131141870268003,1.0,0.0008360222736384205,1.8155703141150226,0.5321516803481058,0.005521472392638036,0.4492088837179309,0.30565530761788134,['keyword:heat'],['cluster:4'],keyword_to_topic
['keyword:reconstruction'],['cluster:1'],0.0019501462609695728,0.2716203715278646,0.0011250843813285997,0.576923076923077,2.1240051829613686,1.0,0.0005953849293903683,1.7216245763886837,0.530225373047087,0.0041295769477837935,0.41915327318478396,0.29053259884445454,['keyword:reconstruction'],['cluster:1'],keyword_to_topic
['keyword:random'],['cluster:1'],0.004950371277845839,0.2716203715278646,0.0028502137660324526,0.5757575757575758,2.1197142633998305,1.0,0.001505592080343096,1.716894838541462,0.53086628730423,0.010412860796492509,0.41755314446077507,0.2931254741821752,['keyword:random'],['cluster:1'],keyword_to_topic
['keyword:thermal'],['cluster:2'],0.003100232517438808,0.15988699152436434,0.001050078755906693,0.3387096774193548,2.1184317385053846,1.0,0.0005543919056673956,1.2704147933046195,0.529594557959617,0.006484483557202408,0.21285551359270086,0.17263865419052182,['keyword:thermal'],['cluster:2'],keyword_to_topic
['keyword:measurement'],['cluster:4'],0.002875215641173088,0.28424631847388554,0.0017251293847038527,0.6,2.110845281027355,1.0,0.0009078599238818701,1.7893842038152863,0.5277735987830767,0.006044678055190538,0.4411485259186809,0.3030345676840531,['keyword:measurement'],['cluster:4'],keyword_to_topic
['keyword:probability'],['cluster:1'],0.0018751406355476661,0.2716203715278646,0.0010750806310473285,0.5733333333333333,2.1107891507118306,1.0,0.0005657542349528752,1.707139754231567,0.5272321725038241,0.003946402349486049,0.41422487671483643,0.28864567992145307,['keyword:probability'],['cluster:1'],keyword_to_topic
['keyword:fluctuations'],['cluster:4'],0.0026752006400480037,0.28424631847388554,0.001600120009000675,0.5981308411214953,2.104269439030385,1.0,0.0008397040758880477,1.7810614865882382,0.5261833322887941,0.00560813179109709,0.4385370704323196,0.3018800920358114,['keyword:fluctuations'],['cluster:4'],keyword_to_topic
['keyword:processes'],['cluster:1'],0.002275170637797835,0.2716203715278646,0.0013000975073130484,0.5714285714285714,2.10377656217126,1.0,0.0006821148133851118,1.6995524664349824,0.5258607728161178,0.004769329542327799,0.4116098092001706,0.28810751104565535,['keyword:processes'],['cluster:1'],keyword_to_topic
['keyword:ionization'],['cluster:4'],0.0021751631372352925,0.28424631847388554,0.0013000975073130484,0.5977011494252874,2.1027577512149898,1.0,0.0006818153934738094,1.7791591512220564,0.5255772603743036,0.004559803577692037,0.43793673583775394,0.30113749528613304,['keyword:ionization'],['cluster:4'],keyword_to_topic
['keyword:target'],['cluster:1'],0.0023001725129384704,0.2716203715278646,0.0013000975073130484,0.5652173913043478,2.08090942562592,1.0,0.0006753237947705191,1.675273145485911,0.5206384393704278,0.004768892149669845,0.40308241513060783,0.28500192098354354,['keyword:target'],['cluster:1'],keyword_to_topic
['keyword:light'],['cluster:4'],0.003975298147361052,0.28424631847388554,0.0023501762632197414,0.5911949685534592,2.0798685158969747,1.0,0.0012202123999963048,1.7508436209638805,0.5212725901603623,0.008221094979884555,0.4288467639106018,0.2997315330057295,['keyword:light'],['cluster:4'],keyword_to_topic
['keyword:wave'],['cluster:4'],0.004450333775033128,0.28424631847388554,0.0026251968897667323,0.5898876404494381,2.075269236965096,1.0,0.0013602058982335765,1.7452624015294294,0.5204509931248422,0.009176717357105402,0.4270202583155014,0.29956164061349555,['keyword:wave'],['cluster:4'],keyword_to_topic
['keyword:detector'],['cluster:2'],0.003325249393704528,0.15988699152436434,0.001100082506187964,0.3308270676691729,2.069130606030322,1.0,0.0005684183845603305,1.2554497767107813,0.5184291363362705,0.006785934608266501,0.2034727166705526,0.16885372148118535,['keyword:detector'],['cluster:2'],keyword_to_topic
['keyword:matrix'],['cluster:1'],0.004150311273345501,0.2716203715278646,0.002325174388079106,0.5602409638554217,2.062588165622726,1.0,0.001197865298056716,1.656315319539376,0.5173192760920263,0.008503245862668008,0.3962502259061992,0.2844006733857373,['keyword:matrix'],['cluster:1'],keyword_to_topic
['keyword:interaction'],['cluster:4'],0.0024001800135010124,0.28424631847388554,0.0014001050078755906,0.5833333333333334,2.0522106898877066,1.0,0.0007178626753633269,1.717808835662675,0.5139541794512847,0.0049084056446664906,0.41786304783195943,0.29412950420734746,['keyword:interaction'],['cluster:4'],keyword_to_topic
['keyword:rank'],['cluster:3'],0.0027752081406105457,0.18461384603845288,0.001050078755906693,0.3783783783783784,2.049566630552546,1.0,0.0005377369075113567,1.3117081607207497,0.5135170951497482,0.005635314638400644,0.23763529880722414,0.19203317618810578,['keyword:rank'],['cluster:3'],keyword_to_topic
['keyword:problem'],['cluster:3'],0.003050228767157537,0.18461384603845288,0.0011500862564692352,0.3770491803278688,2.0423667477754295,1.0,0.0005869717924671537,1.3089093524119573,0.5119334878015537,0.006166219839142091,0.23600515333068928,0.19163943306750972,['keyword:problem'],['cluster:3'],keyword_to_topic
['keyword:memory'],['cluster:4'],0.002325174388079106,0.28424631847388554,0.0013250993824536841,0.5698924731182796,2.004924729291216,1.0,0.0006641771228324286,1.6641273095482165,0.5023963171990136,0.004645455342273644,0.39908443647170005,0.287277136374427,['keyword:memory'],['cluster:4'],keyword_to_topic
['keyword:gradient'],['cluster:1'],0.0018501387604070306,0.2716203715278646,0.001000075005625422,0.5405405405405406,1.990058910162003,1.0,0.0004975396281455615,1.5852968384393535,0.4984244670991659,0.003670398238208846,0.36920330896234516,0.2721112128328623,['keyword:gradient'],['cluster:1'],keyword_to_topic
['keyword:graph'],['cluster:3'],0.005800435032627447,0.18461384603845288,0.0021251593869540215,0.36637931034482757,1.984571137034408,1.0,0.0010543187668844896,1.2868679436672037,0.4990072558634921,0.01128668171557562,0.22291948842063192,0.18894534314641162,['keyword:graph'],['cluster:3'],keyword_to_topic
['keyword:noise'],['cluster:4'],0.004925369402705203,0.28424631847388554,0.0027752081406105457,0.5634517766497461,1.982265873045993,1.0,0.001375190020767671,1.6395752937284247,0.4979795373262709,0.009690091663029244,0.3900859546828243,0.28660758416443677,['keyword:noise'],['cluster:4'],keyword_to_topic
['keyword:protocol'],['cluster:4'],0.002275170637797835,0.28424631847388554,0.001275095632172413,0.5604395604395604,1.9716686690914855,1.0,0.0006283867544784963,1.6283396254719105,0.4939391884654428,0.0044701551406784125,0.38587750100953955,0.2824627215514717,['keyword:protocol'],['cluster:4'],keyword_to_topic
['keyword:dark_matter'],['cluster:2'],0.0042253168987674075,0.15988699152436434,0.0013250993824536841,0.31360946745562135,1.9614445457111003,1.0,0.0006495261752727063,1.2239577451067452,0.4922515874865696,0.00814007064966979,0.18297833074883896,0.16094859612030482,['keyword:dark_matter'],['cluster:2'],keyword_to_topic
['keyword:equilibrium'],['cluster:4'],0.002200165012375928,0.28424631847388554,0.001225091881891142,0.5568181818181819,1.9589283858019018,1.0,0.0005997030770882335,1.6150339480589253,0.49059620841496043,0.00429523141654979,0.3808179690576296,0.2805640737571866,['keyword:equilibrium'],['cluster:4'],keyword_to_topic
['keyword:thermal'],['cluster:4'],0.003100232517438808,0.28424631847388554,0.0017251293847038527,0.5564516129032258,1.9576387686947243,1.0,0.0008438997052088454,1.6136992092588762,0.49070181885457337,0.006039915966386555,0.38030582511144057,0.281260374135666,['keyword:thermal'],['cluster:4'],keyword_to_topic
['keyword:surface'],['cluster:4'],0.005625421906642998,0.28424631847388554,0.0031252343925794435,0.5555555555555556,1.9544863713216252,1.0,0.0015262289257538255,1.6104457834337578,0.4911193804686715,0.01089894498212573,0.37905391768742336,0.2832751830025117,['keyword:surface'],['cluster:4'],keyword_to_topic
['keyword:statistics'],['cluster:1'],0.002325174388079106,0.2716203715278646,0.001225091881891142,0.5268817204301076,1.939772475335329,1.0,0.0005935271507340199,1.53952966927065,0.4856047370832856,0.004492115878254491,0.35045097216362936,0.26569601485422906,['keyword:statistics'],['cluster:1'],keyword_to_topic
['keyword:population'],['cluster:1'],0.0019001425106883016,0.2716203715278646,0.001000075005625422,0.5263157894736843,1.9376889388419505,1.0,0.0004839575909163761,1.5376903267745081,0.4848425640640264,0.003669724770642202,0.349673999642294,0.2649988372994342,['keyword:population'],['cluster:1'],keyword_to_topic
['keyword:problem'],['cluster:1'],0.003050228767157537,0.2716203715278646,0.001600120009000675,0.5245901639344261,1.9313358603539434,1.0,0.0007716157380203643,1.532108873682767,0.48369905956112846,0.005859732649697857,0.3473048703149433,0.26524059006736034,['keyword:problem'],['cluster:1'],keyword_to_topic
['keyword:magnetic'],['cluster:4'],0.009975748181113584,0.28424631847388554,0.005475410655799185,0.5488721804511278,1.9309737533207636,1.0,0.0026398409612950887,1.5865873273828872,0.486984606251734,0.018962680751580224,0.3697163826150538,0.28406754417929775,['keyword:magnetic'],['cluster:4'],keyword_to_topic
['keyword:critical'],['cluster:4'],0.00297522314173563,0.28424631847388554,0.0016251218841413105,0.5462184873949579,1.9216378608792446,1.0,0.0007794256594646502,1.5773090389186595,0.4810417928528164,0.005690274008579182,0.36600883192455397,0.2759678944143406,['keyword:critical'],['cluster:4'],keyword_to_topic
['keyword:flow'],['cluster:3'],0.0041753131484861365,0.18461384603845288,0.0014751106332974973,0.3532934131736527,1.9136886032917915,1.0,0.0007042900145405497,1.260828589922022,0.4794508014995937,0.007875066737853712,0.2068707768897859,0.1806418311805425,['keyword:flow'],['cluster:3'],keyword_to_topic
['keyword:body'],['cluster:4'],0.002000150011250844,0.28424631847388554,0.001050078755906693,0.5249999999999999,1.8469896208989354,1.0,0.0004815434788131398,1.5068498558444514,0.45949750494180175,0.0036819496800210394,0.3363638745284335,0.26434712815551054,['keyword:body'],['cluster:4'],keyword_to_topic
['keyword:measures'],['cluster:1'],0.002200165012375928,0.2716203715278646,0.001100082506187964,0.5,1.8408044918998525,1.0,0.0005024728681038055,1.4567592569442707,0.4577664186023202,0.004033736707004034,0.3135447774001991,0.25202503681885124,['keyword:measures'],['cluster:1'],keyword_to_topic
['keyword:channels'],['cluster:1'],0.002000150011250844,0.2716203715278646,0.001000075005625422,0.5,1.8408044918998525,1.0,0.0004567935164580052,1.4567592569442707,0.4576746749505223,0.003668378576669112,0.3135447774001991,0.25184094256259204,['keyword:channels'],['cluster:1'],keyword_to_topic
['keyword:uncertainty'],['cluster:1'],0.002000150011250844,0.2716203715278646,0.001000075005625422,0.5,1.8408044918998525,1.0,0.0004567935164580052,1.4567592569442707,0.4576746749505223,0.003668378576669112,0.3135447774001991,0.25184094256259204,['keyword:uncertainty'],['cluster:1'],keyword_to_topic
['keyword:model'],['cluster:1'],0.004850363777283297,0.2716203715278646,0.0024001800135010124,0.4948453608247422,1.8218271260039776,1.0,0.0010827224022700267,1.441894366567288,0.4532991650545603,0.008757525998905308,0.30646791943525253,0.251840942562592,['keyword:model'],['cluster:1'],keyword_to_topic
['keyword:vacuum'],['cluster:4'],0.0021251593869540215,0.28424631847388554,0.001100082506187964,0.5176470588235293,1.8211214189255611,1.0,0.0004960137742760638,1.4838795836517007,0.4518480429672552,0.0038562664329535494,0.3260908694901741,0.26075861605087103,['keyword:vacuum'],['cluster:4'],keyword_to_topic
['keyword:field'],['cluster:4'],0.004950371277845839,0.28424631847388554,0.002550191264344826,0.5151515151515151,1.8123419079527796,1.0,0.0011430664535382819,1.476241968147611,0.45045766742587384,0.00889664195377235,0.3226042738408254,0.26206164023914047,['keyword:field'],['cluster:4'],keyword_to_topic
['keyword:oscillations'],['cluster:4'],0.0026251968897667323,0.28424631847388554,0.0013501012575943196,0.5142857142857143,1.8092959551663046,1.0,0.0006038987064090313,1.4736105207890595,0.4484761634190092,0.004728546409807356,0.3213946386155413,0.25951773619994223,['keyword:oscillations'],['cluster:4'],keyword_to_topic
['keyword:control'],['cluster:4'],0.003500262519688977,0.28424631847388554,0.0018001350101257594,0.5142857142857142,1.8092959551663041,1.0,0.0008051982752120415,1.473610520789059,0.4488699879848236,0.006295357174084113,0.32139463861554113,0.26030936255230386,['keyword:control'],['cluster:4'],keyword_to_topic
['keyword:transmission'],['cluster:1'],0.0022501687626571994,0.2716203715278646,0.001100082506187964,0.4888888888888888,1.799897725413189,1.0,0.00048889083087462,1.425090577445482,0.4454151356449197,0.004032997250229147,0.2982902168979812,0.24646948126329565,['keyword:transmission'],['cluster:1'],keyword_to_topic
['keyword:potential'],['cluster:4'],0.003025226892016901,0.28424631847388554,0.0015251143835787685,0.5041322314049588,1.773575236124913,1.0,0.0006652047769747695,1.4434365910776645,0.4374906472359397,0.005337299851255578,0.3072089164281171,0.25474884945214954,['keyword:potential'],['cluster:4'],keyword_to_topic
['keyword:distance'],['cluster:1'],0.002450183763782284,0.2716203715278646,0.0011750881316098707,0.47959183673469385,1.7656696146794504,1.0,0.0005095683073797851,1.399631442946456,0.4347077434351524,0.004306000916170407,0.28552619688592146,0.24195902587839258,['keyword:distance'],['cluster:1'],keyword_to_topic
['keyword:graphs'],['cluster:1'],0.004600345025876941,0.2716203715278646,0.002200165012375928,0.47826086956521735,1.7607695139911632,1.0,0.0009506175872908693,1.3960609545715925,0.4340633370096107,0.00802919708029197,0.28369889815672944,0.2431805084203112,['keyword:graphs'],['cluster:1'],keyword_to_topic
['keyword:response'],['cluster:1'],0.002100157511813386,0.2716203715278646,0.001000075005625422,0.4761904761904762,1.7531471351427168,1.0,0.00042962944199963443,1.3905429270831677,0.43050134041540356,0.0036670333700036676,0.2808564334668753,0.23993618065783015,['keyword:response'],['cluster:1'],keyword_to_topic
['keyword:nonlinear'],['cluster:4'],0.0038752906467985097,0.28424631847388554,0.001925144385828937,0.4967741935483871,1.7476891036463047,1.0,0.0008236072864601781,1.4223310338018944,0.4294802130754142,0.006726653271599544,0.296928790671889,0.25177349839262964,['keyword:nonlinear'],['cluster:4'],keyword_to_topic
['keyword:particle'],['cluster:4'],0.0041753131484861365,0.28424631847388554,0.002050153761532115,0.4910179640718563,1.7274382539345623,1.0,0.0008633363705993229,1.406245468410131,0.422873737775791,0.007159071066876201,0.2888865973516151,0.2491152798633536,['keyword:particle'],['cluster:4'],keyword_to_topic
['keyword:orbital'],['cluster:4'],0.002050153761532115,0.28424631847388554,0.001000075005625422,0.48780487804878053,1.7161343748189881,1.0,0.0004173263466045301,1.3974238544081283,0.4181523236878368,0.0035053895364122343,0.2843975027007501,0.24566160869630513,['keyword:orbital'],['cluster:4'],keyword_to_topic
['keyword:loop'],['cluster:3'],0.00365027377053279,0.18461384603845288,0.0011500862564692352,0.31506849315068497,1.7066352275931673,1.0,0.0004761951765978919,1.1904637847838588,0.415568645377946,0.006146445750935329,0.159991246452272,0.1606490894789178,['keyword:loop'],['cluster:3'],keyword_to_topic
['keyword:matrices'],['cluster:1'],0.0027752081406105457,0.2716203715278646,0.001275095632172413,0.4594594594594595,1.6915500736377025,1.0,0.0005212925659526221,1.3475023126734502,0.4099639855942376,0.004668619553277188,0.2578862458380531,0.2320769314970346,['keyword:matrices'],['cluster:1'],keyword_to_topic
['keyword:dirac'],['cluster:4'],0.0024001800135010124,0.28424631847388554,0.0011500862564692352,0.4791666666666667,1.6857444952649017,1.0,0.0004678439239569715,1.37424706853014,0.40776901091069967,0.004028373763026535,0.2723288097899492,0.24160637845603541,['keyword:dirac'],['cluster:4'],keyword_to_topic
['keyword:matrix'],['cluster:3'],0.004150311273345501,0.18461384603845288,0.0012500937570317774,0.3012048192771084,1.6315397016016393,1.0,0.00048388883060271576,1.1668457030829036,0.3886952373779217,0.006666666666666667,0.14298865963347454,0.15398810844678823,['keyword:matrix'],['cluster:3'],keyword_to_topic
['keyword:entropy'],['cluster:3'],0.004400330024751856,0.18461384603845288,0.0013000975073130484,0.29545454545454547,1.6003921254801539,1.0,0.0004877356576051277,1.1573222830421959,0.37681123025539287,0.006925945657964838,0.13593645032795068,0.1512483994878361,['keyword:entropy'],['cluster:3'],keyword_to_topic
['keyword:systems'],['cluster:3'],0.0034752606445483413,0.18461384603845288,0.0010250768807660575,0.2949640287769784,1.5977351380001092,1.0,0.00038349564718991546,1.1565170959250515,0.3754187120374892,0.005479818230419675,0.13533487440569117,0.15025828741124111,['keyword:systems'],['cluster:3'],keyword_to_topic
['keyword:scheme'],['cluster:1'],0.0023501762632197414,0.2716203715278646,0.001000075005625422,0.4255319148936171,1.566642120765832,1.0,0.0003617192558537073,1.2679200940070505,0.3625441696113074,0.0036636746656896865,0.21130676552363306,0.21460690000940058,['keyword:scheme'],['cluster:1'],keyword_to_topic
['keyword:laser'],['cluster:2'],0.004300322524189314,0.15988699152436434,0.0010750806310473285,0.25,1.563604378420641,1.0,0.0003875150000702386,1.120150677967514,0.3620087884494664,0.006591048436541997,0.10726296053806321,0.12836200156372166,['keyword:laser'],['cluster:2'],keyword_to_topic
['keyword:bound'],['cluster:1'],0.003600270020251519,0.2716203715278646,0.0015251143835787685,0.42361111111111116,1.559570472304042,1.0,0.0005472077030774184,1.2636947771082832,0.3600942480007471,0.005572302914040376,0.20866967394745178,0.21461299296350844,['keyword:bound'],['cluster:1'],keyword_to_topic
['keyword:neutrino'],['cluster:2'],0.005925444408330625,0.15988699152436434,0.0014751106332974973,0.2489451476793249,1.557006891591862,1.0,0.0005277091534046466,1.1185774326332902,0.3598745012447566,0.008976114407424312,0.10600735288762449,0.12908555272942007,['keyword:neutrino'],['cluster:2'],keyword_to_topic
['keyword:particles'],['cluster:4'],0.0035252643948296123,0.28424631847388554,0.001550116258719404,0.4397163120567376,1.5469551704928608,1.0,0.0005480728328420166,1.2774844189263561,0.3548196895922094,0.0054157931516422095,0.2172115877229752,0.22258486901983685,['keyword:particles'],['cluster:4'],keyword_to_topic
['keyword:magnetic_field'],['cluster:4'],0.0025751931394854613,0.28424631847388554,0.0011250843813285997,0.4368932038834952,1.5370232628839966,1.0,0.0003930952120706501,1.2710798137446517,0.3502938342162286,0.0039380414807035965,0.2132673423127063,0.2204256678226518,['keyword:magnetic_field'],['cluster:4'],keyword_to_topic
['keyword:source'],['cluster:1'],0.0028502137660324526,0.2716203715278646,0.0011750881316098707,0.4122807017543859,1.517856335426194,1.0,0.0004009120095463017,1.239332502176469,0.3421513245391705,0.004299698106303174,0.19311403659321638,0.2083034583882386,['keyword:source'],['cluster:1'],keyword_to_topic
['keyword:nuclear'],['cluster:4'],0.0028502137660324526,0.28424631847388554,0.001225091881891142,0.4298245614035088,1.5121552451804152,1.0,0.00041492911203282873,1.255321841445801,0.339660343238667,0.004285464404407907,0.20339153913847074,0.2170672635498501,['keyword:nuclear'],['cluster:4'],keyword_to_topic
['keyword:lattice'],['cluster:4'],0.004525339400455034,0.28424631847388554,0.001925144385828937,0.42541436464088395,1.4966398401391006,1.0,0.0006388333214047731,1.245686695732949,0.333345075659723,0.006711409395973154,0.19722992673401687,0.21609358393887806,['keyword:lattice'],['cluster:4'],keyword_to_topic
['keyword:radiation'],['cluster:4'],0.002600195014626097,0.28424631847388554,0.001100082506187964,0.4230769230769231,1.4884165443141606,1.0,0.00036098664596634497,1.2406397146452652,0.32900053096578796,0.0038498556304138593,0.19396422007502068,0.2134735481775679,['keyword:radiation'],['cluster:4'],keyword_to_topic
['keyword:control'],['cluster:1'],0.003500262519688977,0.2716203715278646,0.0014001050078755906,0.39999999999999997,1.4726435935198818,1.0,0.00044936240183261116,1.2139660474535587,0.32207642321298624,0.005115089514066495,0.17625373288023885,0.20257731958762884,['keyword:control'],['cluster:1'],keyword_to_topic
['keyword:beam'],['cluster:4'],0.0035752681451108833,0.28424631847388554,0.0014751106332974973,0.4125874125874126,1.4515136547857104,1.0,0.0004588538254927711,1.2184854340265998,0.31218013546053264,0.0051514886929188855,0.17930902407638472,0.2088884815597807,['keyword:beam'],['cluster:4'],keyword_to_topic
['keyword:topological'],['cluster:4'],0.003250243768282621,0.28424631847388554,0.0013250993824536841,0.40769230769230774,1.4342923063391004,1.0,0.0004012295571766604,1.208415306472661,0.303779406148084,0.004630438581163725,0.17246993261035462,0.20617705366144107,['keyword:topological'],['cluster:4'],keyword_to_topic
['keyword:time'],['cluster:1'],0.004000300022501688,0.2716203715278646,0.001550116258719404,0.38749999999999996,1.4266234812223855,1.0,0.0004635532803845704,1.1891912301585883,0.3002452736838098,0.005655902207626346,0.1590923523152438,0.19660346097201764,['keyword:time'],['cluster:1'],keyword_to_topic
['keyword:water'],['cluster:4'],0.0026752006400480037,0.28424631847388554,0.001050078755906693,0.3925233644859813,1.38092681936369,1.0,0.00028966282279406573,1.1782406757429886,0.2765885948262484,0.003673255203778205,0.15127696693257628,0.19810881039850126,['keyword:water'],['cluster:4'],keyword_to_topic
['keyword:noise'],['cluster:1'],0.004925369402705203,0.2716203715278646,0.0017501312598444884,0.3553299492385787,1.3081859333298445,1.0,0.0004123005927697246,1.12984871503158,0.23674874371859292,0.0063688472386498034,0.11492575360228714,0.18088662410382542,['keyword:noise'],['cluster:1'],keyword_to_topic
['keyword:surface'],['cluster:2'],0.005625421906642998,0.15988699152436434,0.0011750881316098707,0.2088888888888889,1.306478325080358,1.0,0.00027565634690146826,1.0619406006012249,0.2359106481412134,0.007150464019473604,0.05832774504163113,0.1081191903396751,['keyword:surface'],['cluster:2'],keyword_to_topic
['keyword:time'],['cluster:4'],0.004000300022501688,0.28424631847388554,0.0014751106332974973,0.36874999999999997,1.2972903289647286,1.0,0.00033804007911039094,1.1338672182591911,0.23008292691020985,0.005143853530950305,0.11806251746541842,0.1869697752660744,['keyword:time'],['cluster:4'],keyword_to_topic
['keyword:correlation'],['cluster:4'],0.00275020626546991,0.28424631847388554,0.001000075005625422,0.3636363636363637,1.2793001703196094,1.0,0.0002183389996217865,1.124755785255323,0.2189247123122823,0.003496809161640004,0.11091810941608352,0.1835773514900967,['keyword:correlation'],['cluster:4'],keyword_to_topic
['keyword:optical'],['cluster:2'],0.004900367527564568,0.15988699152436434,0.001000075005625422,0.20408163265306123,1.2764117374862376,1.0,0.00021656998427943574,1.0555266003924653,0.21762016029747994,0.0061059380247290495,0.05260559077508749,0.10516825964162053,['keyword:optical'],['cluster:2'],keyword_to_topic
['keyword:field'],['cluster:2'],0.004950371277845839,0.15988699152436434,0.001000075005625422,0.20202020202020204,1.2635186896328414,1.0,0.0002085750350820278,1.0527998460644041,0.2095969747983618,0.006104074469708531,0.05015183680144101,0.10413754432519094,['keyword:field'],['cluster:2'],keyword_to_topic
['keyword:random'],['cluster:3'],0.004950371277845839,0.18461384603845288,0.0011500862564692352,0.23232323232323232,1.2584279961040525,1.0,0.00023617917554782431,1.062147753186752,0.2063794480307021,0.006104033970276009,0.05851140107418279,0.11927645906519146,['keyword:random'],['cluster:3'],keyword_to_topic
['keyword:diffusion'],['cluster:1'],0.003500262519688977,0.2716203715278646,0.0011750881316098707,0.3357142857142857,1.2359687302756153,1.0,0.00022434552556689126,1.0964854622161175,0.19158865283815155,0.004289495299808341,0.08799520426026444,0.1700202503681885,['keyword:diffusion'],['cluster:1'],keyword_to_topic
['keyword:waves'],['cluster:4'],0.0028502137660324526,0.28424631847388554,0.001000075005625422,0.3508771929824562,1.234412445045237,1.0,0.00018991223576710883,1.1026475634321222,0.1904407893087281,0.003495586821637683,0.0930919060961052,0.17719776616314295,['keyword:waves'],['cluster:4'],keyword_to_topic
['keyword:entropy'],['cluster:1'],0.004400330024751856,0.2716203715278646,0.0014501087581568618,0.3295454545454546,1.213257506024903,1.0,0.0002548894819885449,1.0863967339923375,0.17654954195888664,0.005281369513749772,0.07952595151390335,0.16744209398848575,['keyword:entropy'],['cluster:1'],keyword_to_topic
['keyword:energy'],['cluster:4'],0.004950371277845839,0.28424631847388554,0.0016751256344225817,0.3383838383838384,1.1904598807140807,1.0,0.0002680008236160378,1.081826175131074,0.1607844343197703,0.005826086956521738,0.07563708201195977,0.1721385283923766,['keyword:energy'],['cluster:4'],keyword_to_topic
['keyword:systems'],['cluster:4'],0.0034752606445483413,0.28424631847388554,0.0011250843813285997,0.3237410071942446,1.138945295518357,1.0,0.00013725433737855116,1.0584017205545735,0.12242014707768135,0.003925673907354096,0.05517916252438874,0.1638495694780265,['keyword:systems'],['cluster:4'],keyword_to_topic
['keyword:field'],['cluster:3'],0.004950371277845839,0.18461384603845288,0.0010250768807660575,0.20707070707070707,1.121642344353612,1.0,0.00011116979984464662,1.0283213916202951,0.10898974664763611,0.005436944702294126,0.02754138137267565,0.10631162655810543,['keyword:field'],['cluster:3'],keyword_to_topic
['keyword:interference'],['cluster:4'],0.003850288771657874,0.28424631847388554,0.001225091881891142,0.31818181818181823,1.1193876490296581,1.0,0.00013066147348605225,1.0497720662383014,0.1070666652324661,0.0042705246644587766,0.04741226008866088,0.16124589193900482,['keyword:interference'],['cluster:4'],keyword_to_topic
['keyword:surface'],['cluster:3'],0.005625421906642998,0.18461384603845288,0.0011250843813285997,0.2,1.0833423618634888,1.0,8.655360755426933e-05,1.019232692451934,0.07736598612088925,0.00594923320994183,0.018869775856253664,0.10304712892741062,['keyword:surface'],['cluster:3'],keyword_to_topic
['keyword:diffusion'],['cluster:4'],0.003500262519688977,0.28424631847388554,0.0010750806310473285,0.3071428571428571,1.0805517510020983,1.0,8.014389613361064e-05,1.0330465506562478,0.07480872024464205,0.0037502180359323214,0.0319894109662867,0.15546253596873702,['keyword:diffusion'],['cluster:4'],keyword_to_topic
['keyword:entropy'],['cluster:4'],0.004400330024751856,0.28424631847388554,0.001275095632172413,0.2897727272727273,1.0194423232234386,1.0,2.4318022566596114e-05,1.0077811835887693,0.019155820335215776,0.004437097616147555,0.007721104259021712,0.1471293049680551,['keyword:entropy'],['cluster:4'],keyword_to_topic
['keyword:gaussian'],['cluster:4'],0.0037002775208140612,0.28424631847388554,0.001050078755906693,0.28378378378378377,0.9983727680534787,1.0,-1.7115067163801703e-06,0.9993541968477825,-0.0016332656484505457,0.003660130718954248,-0.0006462204834427977,0.1437390200474025,['keyword:gaussian'],['cluster:4'],keyword_to_topic
['keyword:states'],['cluster:3'],0.00730054754106558,0.18461384603845288,0.0010750806310473285,0.14726027397260275,0.7976664650707194,1.0,-0.0002727015286953581,0.9561958110713725,-0.20351870615962508,0.005633433774400629,-0.0458108981669214,0.07654183796138263,['keyword:states'],['cluster:3'],keyword_to_topic
['keyword:energy'],['cluster:1'],0.004950371277845839,0.2716203715278646,0.001050078755906693,0.21212121212121213,0.7809473601999375,1.0,-0.0002945429297826637,0.9244818361377103,-0.21990277941118838,0.00381125226860254,-0.08168701742998935,0.1079935957513277,['keyword:energy'],['cluster:1'],keyword_to_topic
['keyword:quantum'],['cluster:3'],0.020201515113633522,0.18461384603845288,0.002225166887516564,0.11014851485148516,0.5966427611748175,1.0,-0.0015043125134152542,0.9163171243406538,-0.40827825243113747,0.010983586326052081,-0.09132523384800992,0.061100801304399134,['keyword:quantum'],['cluster:3'],keyword_to_topic
